campaign_id,product_id,impressions,clicks,attributed_orders,attributed_revenue,campaign_spend
CAMP-0103,PRD-001,12828759,493104,144,785600,66666
CAMP-0119,PRD-001,10290334,502707,126,513598,66666
CAMP-0193,PRD-001,4697228,154600,121,597844,66666
CAMP-0090,PRD-001,8749710,208504,82,369371,66666
CAMP-0121,PRD-001,3994629,179398,141,711159,66666
CAMP-0054,PRD-001,8419422,226863,199,827104,66666
CAMP-0187,PRD-001,9799677,136436,148,616116,66666
CAMP-0184,PRD-001,6146903,259029,141,613298,66666
CAMP-0130,PRD-001,3620855,89886,182,736924,66666
CAMP-0081,PRD-001,7939565,179326,155,715499,66666
CAMP-0110,PRD-001,4944319,189967,87,446026,66666
CAMP-0178,PRD-001,7048096,200933,138,654754,66666
CAMP-0173,PRD-002,17947972,244519,129,108599,113636
CAMP-0036,PRD-002,22077746,1060052,144,136111,113636
CAMP-0061,PRD-002,19814279,547943,100,93032,113636
CAMP-0022,PRD-002,6395679,232261,167,152542,113636
CAMP-0020,PRD-002,16414369,583761,155,132137,113636
CAMP-0058,PRD-002,19479323,286633,127,110309,113636
CAMP-0150,PRD-002,17560364,731091,286,264278,113636
CAMP-0117,PRD-002,16769218,597557,267,251903,113636
CAMP-0163,PRD-002,5822782,176449,145,113164,113636
CAMP-0196,PRD-002,10132702,230290,136,126554,113636
CAMP-0122,PRD-002,15237307,503305,109,112432,113636
CAMP-0185,PRD-002,14885654,627584,216,208684,113636
CAMP-0054,PRD-002,19736873,471246,291,275771,113636
CAMP-0040,PRD-002,8242579,107748,290,251403,113636
CAMP-0129,PRD-002,20688812,794447,278,278364,113636
CAMP-0130,PRD-002,18639326,720632,131,123390,113636
CAMP-0064,PRD-002,15839352,635862,189,167887,113636
CAMP-0124,PRD-002,14881742,523780,159,125940,113636
CAMP-0183,PRD-002,12805187,400126,265,243116,113636
CAMP-0101,PRD-002,21984821,396206,100,99948,113636
CAMP-0060,PRD-002,21547278,655911,187,158117,113636
CAMP-0164,PRD-002,14017334,652353,293,287806,113636
CAMP-0062,PRD-003,2559341,114113,31,68528,20000
CAMP-0078,PRD-003,2034564,79987,37,101317,20000
CAMP-0130,PRD-004,5904737,152557,29,19557,43750
CAMP-0174,PRD-004,4977003,206395,25,21159,43750
CAMP-0036,PRD-004,4658308,114325,40,29593,43750
CAMP-0125,PRD-004,3576442,174086,23,19720,43750
CAMP-0111,PRD-004,5591858,230683,30,21250,43750
CAMP-0163,PRD-004,5775907,81829,40,28782,43750
CAMP-0144,PRD-004,3937213,191155,40,29172,43750
CAMP-0055,PRD-004,7563723,97427,17,14681,43750
CAMP-0186,PRD-005,3499139,49889,18,151399,20000
CAMP-0005,PRD-005,3561582,77535,11,86894,20000
CAMP-0116,PRD-005,3381281,43209,10,77805,20000
CAMP-0068,PRD-006,4134068,140477,21,67248,52519
CAMP-0145,PRD-006,7650446,326638,11,45814,75508
CAMP-0179,PRD-006,11741258,448677,39,136543,60211
CAMP-0121,PRD-006,6561185,281239,80,278430,41415
CAMP-0047,PRD-006,8994876,195155,7,29599,63984
CAMP-0110,PRD-006,2427613,118457,79,302630,15993
CAMP-0166,PRD-006,4690108,95013,100,426703,72009
CAMP-0048,PRD-006,4116977,48115,24,93874,23441
CAMP-0120,PRD-006,9853610,309624,91,287736,71587
CAMP-0101,PRD-007,3484913,63031,49,858794,27089
CAMP-0178,PRD-007,9068381,137939,24,433137,55596
CAMP-0078,PRD-007,8607176,191696,14,232102,74059
CAMP-0157,PRD-008,11080948,318453,98,1320394,56912
CAMP-0121,PRD-008,5297048,54352,78,1038087,73195
CAMP-0190,PRD-008,2350322,90720,70,987325,17772
CAMP-0084,PRD-008,1139279,32307,95,1264883,11344
CAMP-0110,PRD-008,7453657,182316,34,469465,40861
CAMP-0004,PRD-008,3665130,79721,43,634820,26240
CAMP-0009,PRD-008,6794405,137865,98,1432991,60906
CAMP-0053,PRD-008,7521993,264791,32,392088,40466
CAMP-0039,PRD-009,2380981,55661,85,676205,16761
CAMP-0079,PRD-009,3495842,74959,79,655385,29809
CAMP-0001,PRD-009,2507653,76416,56,555040,20127
CAMP-0158,PRD-009,4604459,211692,15,127141,48949
CAMP-0128,PRD-009,9160188,176605,35,346042,69864
CAMP-0076,PRD-009,2774049,89242,10,81239,34546
CAMP-0115,PRD-009,794146,30171,56,521587,11156
CAMP-0106,PRD-009,6086255,276512,25,196522,45375
CAMP-0009,PRD-009,5379025,244248,87,878313,46763
CAMP-0195,PRD-009,9761149,379992,62,565479,58910
CAMP-0154,PRD-009,3593401,71969,49,487278,68069
CAMP-0166,PRD-009,5212247,89247,41,319985,46964
CAMP-0026,PRD-009,3283515,64125,71,665827,16613
CAMP-0197,PRD-009,1126849,42232,84,826299,7337
CAMP-0040,PRD-009,987910,45431,90,859467,16055
CAMP-0170,PRD-010,824707,13885,28,447589,8861
CAMP-0004,PRD-010,3793813,151255,86,1140766,26116
CAMP-0178,PRD-010,6577512,113534,56,833951,53806
CAMP-0014,PRD-010,9660633,107452,26,353192,56057
CAMP-0188,PRD-010,7265011,104374,36,500771,40856
CAMP-0084,PRD-011,14407942,542149,59,100839,78811
CAMP-0071,PRD-011,11302167,138012,45,69417,57405
CAMP-0119,PRD-011,5117641,127818,44,68414,47470
CAMP-0030,PRD-012,5242524,169830,45,505405,32066
CAMP-0094,PRD-012,2507140,83089,42,457579,45687
CAMP-0142,PRD-012,3464279,109979,44,509165,27740
CAMP-0136,PRD-012,4145220,151197,45,458658,28083
CAMP-0182,PRD-012,999333,37413,56,607868,8752
CAMP-0124,PRD-012,1287824,48974,66,882527,15693
CAMP-0119,PRD-012,1439126,24801,26,331583,18510
CAMP-0037,PRD-012,1280526,30957,12,140415,14139
CAMP-0040,PRD-012,8265731,100798,17,189446,55460
CAMP-0054,PRD-012,1736754,33356,76,916742,12189
CAMP-0004,PRD-013,5222470,192832,39,557945,46028
CAMP-0102,PRD-013,969773,28509,16,245744,8797
CAMP-0156,PRD-013,3071154,45584,44,734780,33471
CAMP-0105,PRD-014,6410032,226030,30,63014,38115
CAMP-0027,PRD-014,2569795,50670,42,83570,41132
CAMP-0088,PRD-014,4065058,62621,85,163922,36197
CAMP-0127,PRD-014,14179636,167787,35,74741,77741
CAMP-0144,PRD-014,7182126,226332,91,184728,71355
CAMP-0008,PRD-014,5214669,224977,58,99515,37501
CAMP-0039,PRD-014,7588448,176218,96,188916,61716
CAMP-0056,PRD-015,5845194,172097,20,260994,60681
CAMP-0096,PRD-015,3538909,130568,51,559260,24787
CAMP-0077,PRD-015,6597467,285345,38,521466,40722
CAMP-0042,PRD-015,1193642,15713,47,677211,23709
CAMP-0086,PRD-015,5931137,89278,84,1078166,47309
CAMP-0006,PRD-015,6054185,193685,30,344492,53826
CAMP-0152,PRD-015,11584061,520048,11,153665,70879
CAMP-0154,PRD-015,3941209,136235,7,80844,20459
CAMP-0034,PRD-015,667588,10954,34,388252,5779
CAMP-0033,PRD-015,2229138,61173,34,491503,21060
CAMP-0064,PRD-015,2953260,46797,18,237271,30791
CAMP-0009,PRD-016,4262621,179994,92,1059611,22437
CAMP-0156,PRD-016,5326768,89190,24,358018,67449
CAMP-0170,PRD-016,7398148,348962,33,446635,79620
CAMP-0070,PRD-016,5520317,89704,10,138081,66568
CAMP-0138,PRD-016,4650814,195068,74,1049762,76913
CAMP-0098,PRD-016,7305736,319797,44,657853,79300
CAMP-0117,PRD-016,730458,22789,16,204834,6142
CAMP-0084,PRD-016,5307115,264662,18,250636,67153
CAMP-0087,PRD-016,4619637,197497,73,1128984,25361
CAMP-0142,PRD-016,8267344,311830,57,774424,59831
CAMP-0168,PRD-016,9306275,418757,29,388591,57048
CAMP-0190,PRD-016,9626332,354229,37,455382,51857
CAMP-0121,PRD-016,1173663,50691,98,1429788,12894
CAMP-0052,PRD-017,1409979,29504,45,184915,7120
CAMP-0072,PRD-017,8836324,429680,28,105242,55678
CAMP-0037,PRD-017,7464018,289368,78,281392,43076
CAMP-0100,PRD-017,3805644,168035,19,68518,60058
CAMP-0107,PRD-017,11310423,460369,45,184204,78806
CAMP-0165,PRD-017,9552768,132002,10,31213,57283
CAMP-0142,PRD-017,4946171,207507,85,320918,38121
CAMP-0197,PRD-017,3293340,36623,76,265625,39933
CAMP-0038,PRD-017,3758317,87150,53,182569,23664
CAMP-0068,PRD-017,5427373,175466,69,276481,54827
CAMP-0003,PRD-017,1716406,44219,49,161379,30569
CAMP-0170,PRD-017,1794002,21858,9,32393,30493
CAMP-0042,PRD-017,9793592,251783,22,70981,62577
CAMP-0173,PRD-017,8131719,389850,61,220134,63477
CAMP-0009,PRD-018,1107590,44048,92,719727,5962
CAMP-0122,PRD-018,11490789,210607,34,307116,61223
CAMP-0130,PRD-018,5204150,124655,6,53156,35994
CAMP-0084,PRD-018,7059132,86286,32,230035,39275
CAMP-0107,PRD-018,602774,14359,38,334832,7243
CAMP-0138,PRD-018,3604001,100494,19,176224,47865
CAMP-0193,PRD-018,741833,22163,73,643145,8365
CAMP-0091,PRD-018,6864695,199289,66,488595,49341
CAMP-0093,PRD-018,5135227,176495,29,221162,79057
CAMP-0131,PRD-019,9436407,142264,57,188770,64618
CAMP-0062,PRD-019,13357044,383307,8,31167,74719
CAMP-0163,PRD-019,5924701,287449,65,265205,42242
CAMP-0023,PRD-019,7245740,120234,36,144896,73113
CAMP-0042,PRD-019,5008975,148826,26,84123,78833
CAMP-0015,PRD-019,11945744,472452,26,89751,60615
CAMP-0139,PRD-019,4978904,174532,33,112660,48554
CAMP-0124,PRD-019,7735013,146392,58,185667,56350
CAMP-0182,PRD-019,4478397,111564,34,119911,45667
CAMP-0043,PRD-019,3819190,101273,58,236187,56477
CAMP-0186,PRD-020,9405416,284496,96,1610126,47081
CAMP-0062,PRD-020,1585087,72714,51,824596,17182
CAMP-0167,PRD-020,5278874,226968,84,1376196,28348
CAMP-0055,PRD-020,2677011,66716,13,187650,36040
CAMP-0118,PRD-020,1970781,21273,33,589586,14395
CAMP-0095,PRD-020,7308102,212423,47,810797,63307
CAMP-0036,PRD-020,4645763,215883,26,461450,64151
CAMP-0103,PRD-020,6465243,81942,50,759372,75979
CAMP-0037,PRD-021,9510973,395564,91,1372000,55068
CAMP-0048,PRD-021,7249131,144295,19,367516,69163
CAMP-0138,PRD-021,9570258,463129,52,755969,52497
CAMP-0027,PRD-021,4321978,116229,13,194987,57985
CAMP-0148,PRD-021,3087464,81076,93,1809096,25999
CAMP-0168,PRD-021,2226717,42600,65,1212136,18615
CAMP-0005,PRD-022,1779011,28009,35,303206,24034
CAMP-0179,PRD-022,10314433,108603,94,765738,77725
CAMP-0131,PRD-023,10919484,290423,48,202203,57086
CAMP-0005,PRD-023,1473452,47696,57,235935,24215
CAMP-0114,PRD-024,2317199,74667,17,285127,12429
CAMP-0012,PRD-024,5118380,150440,51,756711,60329
CAMP-0144,PRD-024,3824782,144277,21,389628,24430
CAMP-0090,PRD-024,620116,22280,25,453946,6507
CAMP-0150,PRD-024,9819444,107658,76,1426498,60969
CAMP-0119,PRD-024,4492149,164281,41,666588,29321
CAMP-0102,PRD-024,4722357,138652,18,297680,44461
CAMP-0192,PRD-025,969838,33336,80,1228407,14097
CAMP-0056,PRD-025,2805816,74589,41,679004,25749
CAMP-0036,PRD-025,1009382,12277,11,136073,6749
CAMP-0128,PRD-025,11982578,238416,30,427073,69464
CAMP-0086,PRD-025,3030024,37709,73,918444,28383
CAMP-0092,PRD-026,1719682,38000,49,108636,25725
CAMP-0055,PRD-026,858717,22254,97,185571,6528
CAMP-0003,PRD-026,7209407,255878,89,185041,42906
CAMP-0116,PRD-026,2393923,34877,88,166201,28543
CAMP-0042,PRD-026,5705683,129188,79,188044,59153
CAMP-0146,PRD-026,1487154,27243,52,120758,8716
CAMP-0019,PRD-027,5654856,250259,87,338678,30371
CAMP-0105,PRD-027,7249988,269043,71,266850,49696
CAMP-0154,PRD-027,8636659,105030,41,199473,58260
CAMP-0180,PRD-027,5762699,217482,25,104749,35863
CAMP-0169,PRD-027,5502885,140050,19,93981,65817
CAMP-0028,PRD-027,7084070,168575,50,222675,47776
CAMP-0144,PRD-027,1072607,28641,41,179011,9273
CAMP-0021,PRD-027,4225998,95653,38,185695,79389
CAMP-0077,PRD-027,11998963,432471,65,245249,79521
CAMP-0166,PRD-028,8689820,241047,49,594269,79741
CAMP-0115,PRD-028,1077113,12320,73,1110262,6015
CAMP-0172,PRD-028,8438275,133199,55,799715,67231
CAMP-0001,PRD-028,1967279,93752,37,435403,32375
CAMP-0107,PRD-028,432968,20661,14,215459,8306
CAMP-0033,PRD-028,1435827,51744,56,816185,27306
CAMP-0030,PRD-028,13207373,340771,9,117005,72266
CAMP-0105,PRD-028,6175720,206474,22,276885,39912
CAMP-0128,PRD-029,2159732,88063,61,747049,36377
CAMP-0199,PRD-029,7176446,177457,76,847006,67562
CAMP-0028,PRD-029,9285763,159004,63,603306,52979
CAMP-0093,PRD-029,1385833,50770,58,659737,20100
CAMP-0062,PRD-029,8213472,346996,8,94689,47665
CAMP-0091,PRD-029,4780870,222200,35,388362,49722
CAMP-0125,PRD-030,1633914,47953,44,310472,16108
CAMP-0147,PRD-030,4784377,203311,22,177524,29099
CAMP-0044,PRD-030,6621718,153627,89,732461,55218
CAMP-0028,PRD-030,5704200,93571,91,759028,44808
CAMP-0178,PRD-030,4032573,153181,97,710640,40218
CAMP-0122,PRD-030,5782442,247933,6,55540,43887
CAMP-0037,PRD-030,9716476,461769,78,571222,54296
CAMP-0004,PRD-030,4121629,48217,43,376364,22397
CAMP-0050,PRD-031,6916892,264236,49,34091,36469
CAMP-0152,PRD-031,7451374,87050,73,48375,62477
CAMP-0096,PRD-031,7408175,273448,20,12707,64018
CAMP-0118,PRD-031,6594254,313216,100,67842,46838
CAMP-0077,PRD-031,5036157,173798,57,49000,68677
CAMP-0063,PRD-031,3962720,136310,37,24115,41878
CAMP-0146,PRD-031,5817041,288677,45,38157,32360
CAMP-0107,PRD-031,4489688,53531,12,8228,62647
CAMP-0130,PRD-031,11945991,175504,23,14568,74509
CAMP-0195,PRD-031,12462236,552101,75,52768,77220
CAMP-0128,PRD-031,2208290,108326,6,4639,29735
CAMP-0172,PRD-031,3783825,158098,90,75875,24813
CAMP-0058,PRD-031,2588768,91275,75,57998,47375
CAMP-0011,PRD-031,5110389,109850,67,47808,67228
CAMP-0199,PRD-032,3264806,62606,68,386910,27321
CAMP-0133,PRD-032,6377599,309258,86,436676,33888
CAMP-0081,PRD-032,10487730,521962,100,535651,56871
CAMP-0142,PRD-032,5272476,65658,91,558047,26406
CAMP-0186,PRD-032,7538927,155561,30,144507,51125
CAMP-0135,PRD-032,2703715,35446,70,424091,37461
CAMP-0183,PRD-032,11277310,226879,52,292025,72148
CAMP-0162,PRD-032,5575987,92213,27,157632,37862
CAMP-0029,PRD-032,780306,20695,26,132446,6787
CAMP-0109,PRD-032,3784938,155243,81,422700,42034
CAMP-0088,PRD-032,2412257,84842,33,192251,22786
CAMP-0063,PRD-032,6724487,113569,28,158824,35283
CAMP-0188,PRD-033,9301608,457989,74,972361,68195
CAMP-0197,PRD-033,2617375,72232,37,483391,23287
CAMP-0043,PRD-033,4608188,73136,18,266281,37096
CAMP-0038,PRD-033,4355706,89360,20,341254,35297
CAMP-0129,PRD-034,6263398,150572,92,167967,59677
CAMP-0008,PRD-034,3648260,44708,14,26295,36789
CAMP-0118,PRD-034,10966127,495073,59,104278,69276
CAMP-0171,PRD-034,802562,34355,46,94982,7555
CAMP-0035,PRD-034,2035108,25813,50,97643,28882
CAMP-0195,PRD-034,2815764,109976,78,162459,14185
CAMP-0046,PRD-034,12565297,215185,6,12780,69696
CAMP-0139,PRD-034,6072993,111626,89,178799,52674
CAMP-0002,PRD-035,2150368,42753,26,459484,25201
CAMP-0083,PRD-035,1661307,52475,24,398849,19909
CAMP-0091,PRD-035,2860180,29696,93,1840651,45599
CAMP-0049,PRD-035,4649230,73773,69,1143819,69078
CAMP-0123,PRD-036,5632309,186903,42,128810,29143
CAMP-0167,PRD-036,777010,24924,86,246314,9714
CAMP-0150,PRD-036,3336959,79792,77,237657,32978
CAMP-0199,PRD-036,4315539,54239,45,131386,64548
CAMP-0083,PRD-036,509962,20714,99,306242,6422
CAMP-0004,PRD-036,3151245,149318,42,111433,19110
CAMP-0176,PRD-036,2778976,51449,22,58048,31051
CAMP-0115,PRD-036,6044623,162275,83,243013,51361
CAMP-0112,PRD-036,1466490,64163,90,219817,10845
CAMP-0031,PRD-036,5260879,66714,15,36984,47915
CAMP-0014,PRD-036,710475,13201,34,87826,5592
CAMP-0070,PRD-036,4724586,198378,86,265575,70049
CAMP-0057,PRD-037,4590307,55205,78,595512,28006
CAMP-0089,PRD-037,5257136,144406,54,493084,47710
CAMP-0130,PRD-037,5605361,277625,32,254223,58674
CAMP-0015,PRD-037,3733097,125671,89,698504,60723
CAMP-0143,PRD-037,5784023,154933,95,767085,47907
CAMP-0081,PRD-037,5163616,153666,19,148342,48068
CAMP-0151,PRD-037,7208833,189037,43,402518,39716
CAMP-0013,PRD-037,338703,7474,9,81267,5242
CAMP-0135,PRD-037,7253712,198076,20,168843,74278
CAMP-0073,PRD-037,1663149,47690,67,633226,31199
CAMP-0114,PRD-037,8223344,165092,62,543132,50762
CAMP-0103,PRD-037,4911530,185810,81,801389,40197
CAMP-0176,PRD-037,5720443,141727,23,219318,62312
CAMP-0130,PRD-038,11490398,168180,83,1422324,75559
CAMP-0197,PRD-038,740049,18710,59,1161681,13365
CAMP-0093,PRD-038,9489271,405999,92,1754803,49814
CAMP-0028,PRD-038,8615905,167666,19,379350,75377
CAMP-0162,PRD-038,2708844,80012,95,1789683,47511
CAMP-0038,PRD-038,1113608,49768,75,1448256,17375
CAMP-0002,PRD-038,1168778,37856,12,220160,7533
CAMP-0167,PRD-038,2662140,78709,80,1567563,34442
CAMP-0047,PRD-038,8240453,380669,48,876093,59689
CAMP-0194,PRD-038,2419557,31259,44,703993,15704
CAMP-0087,PRD-038,6228567,101730,35,680473,50294
CAMP-0133,PRD-038,8391736,189607,6,91231,59232
CAMP-0011,PRD-038,7249185,286491,69,1138643,73660
CAMP-0076,PRD-038,11446556,402926,67,1046075,65004
CAMP-0077,PRD-038,1533677,51704,37,617145,25639
CAMP-0108,PRD-039,4852924,212008,82,1001475,27990
CAMP-0021,PRD-039,1921827,94874,68,924117,10151
CAMP-0020,PRD-039,1375824,29013,48,520814,7237
CAMP-0142,PRD-039,5624889,219063,85,1100416,34065
CAMP-0052,PRD-040,2647234,127256,53,479657,25203
CAMP-0058,PRD-040,4884763,71423,50,481097,30440
CAMP-0148,PRD-040,2827233,35976,60,656275,22992
CAMP-0133,PRD-040,2560307,43575,52,545979,16868
CAMP-0053,PRD-040,1485403,57778,60,559942,11453
CAMP-0120,PRD-041,9785173,393699,85,828034,57014
CAMP-0041,PRD-041,2995701,113898,68,619497,18823
CAMP-0146,PRD-041,1270556,25543,93,820139,20372
CAMP-0116,PRD-041,4478259,84564,92,777495,26880
CAMP-0112,PRD-041,4516358,143330,8,78852,36150
CAMP-0159,PRD-041,2191246,52976,20,194707,16569
CAMP-0100,PRD-041,3486040,133112,9,89236,67685
CAMP-0194,PRD-041,8935372,175101,42,386927,56706
CAMP-0066,PRD-042,4023431,92089,99,162903,43102
CAMP-0035,PRD-042,2697385,58081,79,168841,32282
CAMP-0056,PRD-042,10780701,214222,17,36023,75470
CAMP-0088,PRD-042,3194977,32062,16,29110,62551
CAMP-0102,PRD-042,3937717,157515,95,188112,21611
CAMP-0195,PRD-043,5441051,235260,95,491695,66403
CAMP-0052,PRD-043,9176682,375623,66,317511,70518
CAMP-0143,PRD-043,10088289,323479,69,409671,68949
CAMP-0082,PRD-043,6140710,174182,96,517517,49059
CAMP-0066,PRD-044,10814676,252321,55,81996,54576
CAMP-0079,PRD-044,734401,14638,61,79438,8646
CAMP-0063,PRD-044,7209608,273463,97,130012,41118
CAMP-0052,PRD-044,14495717,197347,57,91167,74304
CAMP-0032,PRD-044,4788297,56195,44,60189,66078
CAMP-0136,PRD-044,5449098,60376,66,100402,39310
CAMP-0199,PRD-045,9111539,183599,80,671012,70144
CAMP-0168,PRD-045,2560526,59153,72,586501,17650
CAMP-0007,PRD-045,9451325,238025,91,839590,73062
CAMP-0143,PRD-045,2035993,85710,75,692945,25056
CAMP-0069,PRD-045,3960245,78441,61,450765,21604
CAMP-0175,PRD-045,3667336,108711,82,728327,36953
CAMP-0166,PRD-045,8232934,113804,22,177250,45780
CAMP-0005,PRD-045,12474868,351832,30,251931,77145
CAMP-0131,PRD-045,5687070,281577,83,608358,42399
CAMP-0091,PRD-045,4169229,88566,95,687034,73490
CAMP-0106,PRD-045,7312817,283571,30,271985,75994
CAMP-0156,PRD-045,4203773,58996,25,177424,31450
CAMP-0100,PRD-045,2086914,76836,7,64165,10620
CAMP-0027,PRD-045,5279267,257115,67,567690,39215
CAMP-0110,PRD-045,6162136,220078,95,774392,79250
CAMP-0004,PRD-046,11087092,403414,64,380266,68124
CAMP-0069,PRD-046,4355415,126100,91,434927,47811
CAMP-0050,PRD-046,6511074,302956,9,53660,65563
CAMP-0156,PRD-046,1545650,38139,29,135715,24326
CAMP-0194,PRD-046,602252,20337,65,360579,11049
CAMP-0099,PRD-046,2736720,104672,36,208412,36852
CAMP-0181,PRD-046,499169,5839,83,420449,5347
CAMP-0115,PRD-046,801625,9732,69,360461,14633
CAMP-0178,PRD-046,5109690,90790,36,219477,75232
CAMP-0196,PRD-046,8966412,157462,54,328740,59556
CAMP-0096,PRD-047,7364978,94860,82,650741,78608
CAMP-0090,PRD-047,2405865,111493,21,145524,22909
CAMP-0104,PRD-047,813558,21157,13,97280,11251
CAMP-0111,PRD-048,4516723,188953,31,315200,40801
CAMP-0011,PRD-048,1097663,50630,37,401672,13254
CAMP-0124,PRD-049,6809566,161782,84,870671,69579
CAMP-0088,PRD-049,9573313,372559,96,868630,66650
CAMP-0024,PRD-049,2574843,72016,11,86833,24275
CAMP-0105,PRD-049,3856997,109724,56,455983,71867
CAMP-0160,PRD-049,2570233,110920,45,436544,31804
CAMP-0038,PRD-049,1151445,17554,46,448852,22143
CAMP-0118,PRD-049,3219836,123441,58,514123,30421
CAMP-0071,PRD-049,4894916,217217,61,586738,58712
CAMP-0001,PRD-049,594421,29650,66,550714,7629
CAMP-0196,PRD-049,1298524,14941,90,819877,15596
CAMP-0181,PRD-049,2441636,79380,67,639274,15956
CAMP-0028,PRD-050,1046240,27272,74,395812,16341
CAMP-0121,PRD-050,3455353,169868,34,210772,25843
CAMP-0003,PRD-050,5475684,175235,16,103641,67779
CAMP-0171,PRD-050,2931673,95660,87,434746,27195
CAMP-0040,PRD-050,8134608,145139,52,344552,47754
CAMP-0071,PRD-050,1999155,64200,57,285990,22138
CAMP-0019,PRD-050,4695166,136709,84,532561,27848
CAMP-0150,PRD-051,10805972,464257,20,86163,74310
CAMP-0193,PRD-051,6036567,245071,63,275484,34824
CAMP-0066,PRD-051,3007228,126746,76,283159,17579
CAMP-0123,PRD-052,2909681,124851,8,54481,20858
CAMP-0182,PRD-052,8610281,389774,94,602016,54313
CAMP-0051,PRD-052,1439104,69603,57,311289,23402
CAMP-0054,PRD-052,2103090,56803,66,471274,25902
CAMP-0186,PRD-052,4726925,220151,88,608725,27430
CAMP-0073,PRD-053,3396405,119561,85,1239001,65360
CAMP-0195,PRD-053,6763326,312867,77,1100657,65172
CAMP-0108,PRD-053,1705021,33949,38,608728,18291
CAMP-0065,PRD-054,5385748,184760,39,217956,63404
CAMP-0100,PRD-054,4113391,192579,14,69722,78181
CAMP-0089,PRD-054,3990482,158684,78,419834,63739
CAMP-0132,PRD-054,2647872,77416,76,480373,35795
CAMP-0114,PRD-054,10744205,498613,56,326938,70525
CAMP-0138,PRD-054,5755291,163957,68,339228,47003
CAMP-0195,PRD-054,2961709,100427,32,173465,37639
CAMP-0034,PRD-054,4775533,116517,27,140478,53053
CAMP-0155,PRD-054,1025938,10956,21,112549,16430
CAMP-0118,PRD-054,5263942,188981,62,310765,34400
CAMP-0175,PRD-054,11970377,283118,33,159973,65118
CAMP-0050,PRD-054,5538187,72572,38,228431,33725
CAMP-0009,PRD-054,2280189,63603,29,156582,39821
CAMP-0049,PRD-055,5200502,184109,13,139821,30489
CAMP-0167,PRD-055,3577044,134685,50,454747,61902
CAMP-0070,PRD-055,5440583,240870,57,501208,30522
CAMP-0035,PRD-055,7086561,286774,47,436117,48580
CAMP-0144,PRD-055,3141904,132280,8,88405,42445
CAMP-0148,PRD-055,1069529,13751,45,427736,7452
CAMP-0051,PRD-055,6273285,182741,73,792559,57707
CAMP-0123,PRD-055,6850690,267830,90,789396,63626
CAMP-0104,PRD-055,2104825,92283,8,72125,39945
CAMP-0050,PRD-055,4511690,46019,12,110283,70242
CAMP-0177,PRD-055,4462153,90921,84,888578,22534
CAMP-0162,PRD-055,15409419,615188,16,142732,79253
CAMP-0160,PRD-055,5851696,202279,50,468125,36114
CAMP-0154,PRD-055,1342640,50027,42,435646,7977
CAMP-0006,PRD-056,3964197,103819,53,498550,40690
CAMP-0083,PRD-056,2600175,39698,31,275860,22724
CAMP-0162,PRD-056,9049075,257309,32,258081,49047
CAMP-0097,PRD-056,3408746,155239,56,555618,18424
CAMP-0018,PRD-056,1342820,18247,69,617442,26221
CAMP-0197,PRD-056,8051817,256641,22,206476,68356
CAMP-0028,PRD-056,2689045,56474,50,398002,48057
CAMP-0033,PRD-056,4867788,223496,80,792661,79115
CAMP-0087,PRD-056,1582812,57602,63,644480,11812
CAMP-0151,PRD-057,4896462,50554,11,68923,37905
CAMP-0034,PRD-057,5968003,158610,61,439455,31741
CAMP-0129,PRD-057,2874992,49014,56,356004,42916
CAMP-0061,PRD-057,1897436,34964,71,451238,29283
CAMP-0141,PRD-057,10768772,218059,68,500041,78143
CAMP-0065,PRD-058,6840606,242368,37,254003,41422
CAMP-0110,PRD-058,11858740,468417,18,120905,71173
CAMP-0143,PRD-058,5753877,73480,59,330861,68926
CAMP-0108,PRD-058,5773824,191442,73,404562,29296
CAMP-0186,PRD-058,13034939,473096,33,206077,69014
CAMP-0074,PRD-058,8252771,365595,91,533490,51725
CAMP-0196,PRD-058,13678753,138945,61,414687,76873
CAMP-0009,PRD-058,9153834,176018,58,405766,58660
CAMP-0022,PRD-059,2212498,46828,81,975033,23476
CAMP-0002,PRD-059,5049467,160891,21,286003,29198
CAMP-0090,PRD-059,582925,6813,12,153981,8056
CAMP-0096,PRD-059,5166587,112987,100,1142140,43413
CAMP-0061,PRD-059,1716416,68275,87,1269897,16070
CAMP-0192,PRD-059,12564825,542728,38,495923,70019
CAMP-0176,PRD-059,557482,26792,64,801553,7691
CAMP-0011,PRD-059,3841090,120740,60,927570,34070
CAMP-0137,PRD-059,3984336,169524,13,191003,37773
CAMP-0037,PRD-059,7686210,100919,63,733544,69706
CAMP-0071,PRD-059,10668619,471021,49,664650,55606
CAMP-0064,PRD-059,7130291,190513,57,703989,71253
CAMP-0173,PRD-059,3997365,106661,22,279012,74546
CAMP-0183,PRD-060,4474799,65731,52,914811,34415
CAMP-0051,PRD-060,6114409,188316,22,392136,74062
CAMP-0005,PRD-060,1892445,36332,70,1311233,15889
CAMP-0140,PRD-060,1760286,79602,10,182118,11352
CAMP-0120,PRD-060,3944886,70122,44,658816,61913
CAMP-0133,PRD-060,11654008,447105,51,915889,65915
CAMP-0180,PRD-060,3719849,156174,56,1053218,25747
CAMP-0088,PRD-060,1731718,42578,30,450229,12369
CAMP-0092,PRD-060,4260796,45023,11,191932,33248
CAMP-0042,PRD-060,2455651,94893,71,1043980,31569
CAMP-0037,PRD-060,4793304,69250,58,1096616,40472
CAMP-0090,PRD-061,9855522,144306,62,937880,60786
CAMP-0130,PRD-061,6009534,298703,47,899483,67315
CAMP-0080,PRD-061,3707337,149476,80,1546406,39220
CAMP-0151,PRD-061,1332838,32732,75,1463493,6933
CAMP-0142,PRD-061,8514215,106412,71,1161046,44173
CAMP-0062,PRD-062,14767014,267256,96,1458102,78136
CAMP-0066,PRD-062,2986749,133075,68,1077803,18021
CAMP-0149,PRD-062,1418316,30866,91,1408557,23498
CAMP-0035,PRD-062,853453,41569,61,912799,8671
CAMP-0127,PRD-062,3276770,133818,12,170290,58174
CAMP-0068,PRD-062,5584680,82186,63,954236,65959
CAMP-0015,PRD-062,7834619,223300,21,369851,55889
CAMP-0083,PRD-062,3578257,124173,76,1414528,19940
CAMP-0177,PRD-062,10543787,277214,76,1341764,79106
CAMP-0176,PRD-062,3900536,134349,67,1162024,49711
CAMP-0027,PRD-062,4084829,98103,9,144028,63076
CAMP-0107,PRD-062,5691934,91961,15,244928,55386
CAMP-0096,PRD-063,5265584,58414,22,58112,28700
CAMP-0071,PRD-063,1604139,18923,67,164881,10957
CAMP-0118,PRD-063,4111224,92661,32,100779,37232
CAMP-0065,PRD-063,8254500,274849,17,43590,65967
CAMP-0032,PRD-063,2194625,28044,52,167601,12369
CAMP-0060,PRD-063,4195941,201067,22,57307,21367
CAMP-0029,PRD-063,1621014,19563,42,102784,11571
CAMP-0078,PRD-063,4593038,66951,76,190892,27718
CAMP-0031,PRD-064,12907314,180563,66,1027179,67729
CAMP-0192,PRD-064,2236285,73213,19,261318,24012
CAMP-0123,PRD-064,3831986,156034,79,1110619,34401
CAMP-0194,PRD-064,1008243,46054,52,684984,6592
CAMP-0022,PRD-064,4734587,197388,42,716087,50461
CAMP-0119,PRD-064,7521099,124595,23,305264,47186
CAMP-0104,PRD-064,3932237,104224,85,1246717,46793
CAMP-0153,PRD-064,3090482,56266,88,1150926,30980
CAMP-0029,PRD-064,6103704,122619,100,1323247,34967
CAMP-0125,PRD-064,1643829,26030,70,945158,30463
CAMP-0144,PRD-064,3522697,161098,44,691911,25020
CAMP-0189,PRD-064,5064396,200466,90,1306494,39858
CAMP-0063,PRD-064,6995437,284729,94,1546023,45252
CAMP-0061,PRD-065,2645270,74381,34,459943,13822
CAMP-0056,PRD-065,8966690,376914,33,412049,48129
CAMP-0174,PRD-065,14507024,657512,34,476937,73435
CAMP-0098,PRD-065,11996618,466999,98,1097418,63124
CAMP-0106,PRD-065,4081525,88390,40,557915,23657
CAMP-0136,PRD-065,4411477,164674,17,205058,56043
CAMP-0167,PRD-065,3812303,67457,99,1024034,47320
CAMP-0080,PRD-066,5528881,114714,40,255154,56585
CAMP-0119,PRD-066,933079,10305,19,128357,11824
CAMP-0125,PRD-066,678846,30607,21,172108,5647
CAMP-0055,PRD-066,7668719,232674,92,745123,48807
CAMP-0168,PRD-066,3568588,127583,92,559854,27265
CAMP-0153,PRD-066,5741048,151056,74,476705,29983
CAMP-0195,PRD-066,1909190,38445,90,730528,28635
CAMP-0070,PRD-066,2729421,71146,84,652069,15950
CAMP-0115,PRD-066,2271470,71167,13,80866,25375
CAMP-0166,PRD-066,9234068,411341,79,519723,77076
CAMP-0199,PRD-066,11175015,443254,38,275209,68936
CAMP-0129,PRD-066,6737632,282574,38,285323,47835
CAMP-0142,PRD-066,4899485,81239,15,105712,35029
CAMP-0092,PRD-066,4672146,52582,45,272603,29663
CAMP-0148,PRD-067,6336883,68555,64,884626,60578
CAMP-0024,PRD-067,2361055,115478,81,1019673,32719
CAMP-0143,PRD-067,1060521,30538,9,117620,10717
CAMP-0107,PRD-067,11665176,188862,21,310733,69763
CAMP-0085,PRD-067,14126171,213968,38,549219,74189
CAMP-0145,PRD-067,7639501,120501,36,517187,51301
CAMP-0138,PRD-067,5297290,202154,52,807571,71295
CAMP-0060,PRD-067,7776996,99510,87,1242653,49131
CAMP-0052,PRD-067,2299335,102901,14,214785,33205
CAMP-0170,PRD-067,2186420,81029,67,999710,28330
CAMP-0185,PRD-068,10743120,285548,75,325177,56860
CAMP-0027,PRD-068,7705035,235109,89,440718,68965
CAMP-0166,PRD-068,3595740,47921,27,103247,26090
CAMP-0041,PRD-068,7882853,230021,73,339257,47916
CAMP-0104,PRD-068,2128053,88867,25,125943,25888
CAMP-0007,PRD-068,7267982,141349,19,73191,46026
CAMP-0066,PRD-069,4662790,115995,57,472469,29688
CAMP-0074,PRD-069,8193780,297715,74,675692,52258
CAMP-0032,PRD-069,5535713,113048,64,608463,48051
CAMP-0027,PRD-069,787575,16863,28,233533,10979
CAMP-0142,PRD-069,4399548,63629,47,473010,48118
CAMP-0088,PRD-069,6457715,268814,76,762396,44588
CAMP-0130,PRD-069,4513230,48130,24,230453,51221
CAMP-0038,PRD-069,4488937,204887,38,365803,32188
CAMP-0154,PRD-070,7535574,325326,36,250631,39895
CAMP-0147,PRD-070,3088801,94168,74,499839,16253
CAMP-0110,PRD-071,3610236,133055,40,220954,33514
CAMP-0022,PRD-071,3682561,68181,91,473862,31062
CAMP-0085,PRD-071,7483837,307171,98,445725,41985
CAMP-0194,PRD-072,10246251,302498,36,203699,69638
CAMP-0084,PRD-072,3245503,62248,93,525777,40161
CAMP-0009,PRD-072,3420895,93079,87,455498,18293
CAMP-0193,PRD-072,2277505,83593,86,521502,21946
CAMP-0172,PRD-072,10013226,346499,34,189334,63020
CAMP-0177,PRD-072,13397907,385915,99,522806,75323
CAMP-0114,PRD-072,8561787,323970,70,371575,58962
CAMP-0162,PRD-072,2347231,110873,92,550199,31256
CAMP-0145,PRD-072,1267061,28472,100,599773,6369
CAMP-0057,PRD-072,3008887,31494,73,458260,37257
CAMP-0066,PRD-072,9581639,217494,50,280967,78181
CAMP-0094,PRD-072,11215890,270572,100,604536,64654
CAMP-0126,PRD-072,13256974,291970,100,621861,70358
CAMP-0173,PRD-073,3781980,81188,42,424485,63206
CAMP-0067,PRD-073,8305290,413693,44,467782,63190
CAMP-0141,PRD-073,1889941,28289,10,104318,28037
CAMP-0061,PRD-073,5963907,248057,80,778277,52318
CAMP-0107,PRD-073,3793639,38335,92,988780,36424
CAMP-0001,PRD-073,3341399,72544,25,221497,18056
CAMP-0044,PRD-073,1648756,69490,30,269734,25103
CAMP-0189,PRD-073,1837148,70124,49,550931,30954
CAMP-0037,PRD-073,8305649,351256,21,185747,61832
CAMP-0069,PRD-073,8447853,297337,39,433752,69591
CAMP-0171,PRD-073,3670612,89566,36,341028,54954
CAMP-0022,PRD-073,4253655,183565,94,1079268,21759
CAMP-0088,PRD-073,9250221,441451,49,565172,56825
CAMP-0054,PRD-073,7944303,261269,41,435247,77665
CAMP-0194,PRD-074,3483990,56807,89,1447902,24004
CAMP-0124,PRD-074,7228159,240317,96,1593567,40107
CAMP-0062,PRD-074,4639146,83420,58,1139013,23987
CAMP-0106,PRD-074,10672098,511226,54,1035811,78465
CAMP-0165,PRD-074,8339988,165224,83,1448196,70820
CAMP-0099,PRD-074,875313,30975,62,1208367,9199
CAMP-0057,PRD-075,5829787,166946,100,1546111,58301
CAMP-0136,PRD-075,7832716,98998,55,984808,39195
CAMP-0198,PRD-076,1620539,59992,47,230338,12700
CAMP-0171,PRD-076,4933658,53810,90,470148,29048
CAMP-0153,PRD-076,3160188,157117,11,62894,21025
CAMP-0147,PRD-076,7751683,263601,42,179013,52750
CAMP-0186,PRD-076,2405725,119646,6,28197,43338
CAMP-0048,PRD-076,3956044,135202,54,287863,57285
CAMP-0107,PRD-076,6973960,306170,76,399999,63303
CAMP-0067,PRD-076,1914502,39472,65,322142,12372
CAMP-0080,PRD-076,3211104,139639,69,383013,30484
CAMP-0160,PRD-076,2434300,47171,97,540022,14539
CAMP-0197,PRD-077,7450084,208938,16,203705,74049
CAMP-0045,PRD-077,619832,12717,40,510017,6445
CAMP-0063,PRD-077,8517700,108904,16,242693,44302
CAMP-0036,PRD-077,2355251,88967,56,799643,14471
CAMP-0114,PRD-077,3384258,48387,41,655060,24981
CAMP-0055,PRD-077,6413331,178790,22,347945,44769
CAMP-0159,PRD-078,3811943,70158,81,633156,51068
CAMP-0140,PRD-078,4979368,193340,40,348226,34749
CAMP-0013,PRD-078,5443828,95192,29,261926,54571
CAMP-0198,PRD-078,1966108,91865,90,692602,10056
CAMP-0081,PRD-078,2961820,39043,7,54766,18941
CAMP-0192,PRD-078,1113473,22028,50,392865,8227
CAMP-0122,PRD-078,5232668,65490,26,182749,60444
CAMP-0200,PRD-078,4720389,109127,26,215092,60491
CAMP-0087,PRD-078,4133991,90761,85,763111,53905
CAMP-0157,PRD-079,3058234,45880,25,239197,24873
CAMP-0118,PRD-079,12561511,593522,5,47444,63247
CAMP-0187,PRD-079,11692339,566438,90,858445,69753
CAMP-0070,PRD-080,2292506,95882,15,216125,11591
CAMP-0123,PRD-080,1890574,92650,94,1230197,16458
CAMP-0194,PRD-080,6735569,170771,23,353813,40287
CAMP-0051,PRD-080,4079521,93164,89,1543561,37112
CAMP-0072,PRD-080,9738134,324280,92,1585152,76720
CAMP-0096,PRD-080,4979448,198819,54,809268,63343
CAMP-0164,PRD-081,1521239,61670,84,1096869,14031
CAMP-0036,PRD-081,9506648,435784,51,674320,73135
CAMP-0173,PRD-081,10494599,221442,82,1014111,60982
CAMP-0037,PRD-081,3998056,42967,42,487797,50357
CAMP-0080,PRD-081,1121545,28150,65,856959,12260
CAMP-0141,PRD-081,7939261,329944,14,166793,51615
CAMP-0111,PRD-081,8326735,373624,97,1097594,48630
CAMP-0125,PRD-081,1956095,71643,33,365423,20781
CAMP-0178,PRD-081,7051885,248034,36,455270,66036
CAMP-0038,PRD-081,451409,12793,45,592658,8188
CAMP-0167,PRD-081,3579403,162886,51,659350,33848
CAMP-0055,PRD-081,3243312,53013,27,325464,18134
CAMP-0048,PRD-081,7898173,112566,64,913288,51316
CAMP-0197,PRD-081,1122755,31828,97,1330452,6216
CAMP-0147,PRD-082,4829544,147630,90,841491,58185
CAMP-0089,PRD-082,4504014,165940,100,1033305,58338
CAMP-0193,PRD-082,5899298,244315,65,691904,44500
CAMP-0173,PRD-082,3905717,189343,62,737760,26751
CAMP-0004,PRD-082,3724280,183388,8,89938,41344
CAMP-0176,PRD-082,1615960,68449,43,396010,8182
CAMP-0054,PRD-082,8140872,105339,6,66410,56200
CAMP-0001,PRD-082,8626428,125138,31,364623,64698
CAMP-0009,PRD-082,13531745,381523,77,729241,69533
CAMP-0067,PRD-082,3530744,51778,53,595220,35337
CAMP-0127,PRD-083,7417736,83166,13,75364,38937
CAMP-0108,PRD-083,6090607,132954,57,384912,31336
CAMP-0024,PRD-083,994854,34846,90,481544,6132
CAMP-0082,PRD-083,3762705,146779,24,152976,55519
CAMP-0011,PRD-083,3441133,129278,25,142628,43708
CAMP-0013,PRD-083,695279,10922,26,145185,9926
CAMP-0128,PRD-083,1578217,75262,95,555036,21547
CAMP-0102,PRD-084,4619988,54839,76,458673,29740
CAMP-0176,PRD-084,1279346,41348,93,653104,6906
CAMP-0153,PRD-084,4817374,182461,56,313858,75949
CAMP-0144,PRD-084,2007551,70091,35,234376,32006
CAMP-0146,PRD-084,11015519,278488,59,323901,77660
CAMP-0004,PRD-084,5183885,227141,27,149799,30516
CAMP-0032,PRD-084,594382,14404,87,599575,10063
CAMP-0043,PRD-084,8005787,244373,40,231007,73456
CAMP-0133,PRD-084,10473251,126716,99,668313,72809
CAMP-0121,PRD-084,8556338,403120,61,399802,47050
CAMP-0126,PRD-084,417956,6543,92,623928,7579
CAMP-0022,PRD-084,2201898,94790,37,237907,38283
CAMP-0132,PRD-084,5485112,104740,24,147564,48430
CAMP-0005,PRD-085,3134782,53047,85,1627033,62658
CAMP-0135,PRD-085,3078212,59989,29,466605,36299
CAMP-0033,PRD-085,1252897,20119,13,207041,9981
CAMP-0054,PRD-085,5480188,198744,36,639924,42573
CAMP-0148,PRD-086,3076317,132398,35,604014,17545
CAMP-0196,PRD-086,2440081,32833,59,955722,13724
CAMP-0124,PRD-086,11387773,393281,33,550346,68076
CAMP-0083,PRD-086,12604061,489204,51,742333,76903
CAMP-0100,PRD-086,6561308,297214,33,523422,61388
CAMP-0027,PRD-086,11807245,448167,58,787428,79806
CAMP-0117,PRD-086,8061583,176557,70,1182228,46159
CAMP-0101,PRD-086,6207511,215104,41,555391,51243
CAMP-0078,PRD-086,731935,17771,41,660266,5932
CAMP-0069,PRD-087,4215419,125881,18,303710,37740
CAMP-0074,PRD-087,6060187,274710,46,760546,32654
CAMP-0094,PRD-087,4176084,160729,92,1217025,60924
CAMP-0050,PRD-088,5905504,63736,84,284466,42870
CAMP-0039,PRD-088,3467574,48494,75,303265,68267
CAMP-0125,PRD-088,3098736,103912,6,21919,22639
CAMP-0027,PRD-089,8487494,331613,37,308883,51729
CAMP-0189,PRD-089,1031671,22836,70,769604,6055
CAMP-0103,PRD-089,7023101,343847,37,397806,41043
CAMP-0160,PRD-089,9231963,187483,75,786423,60094
CAMP-0033,PRD-089,3556580,35957,11,108767,48471
CAMP-0100,PRD-089,3238173,140076,30,255629,61541
CAMP-0089,PRD-089,2834915,103355,46,444215,45840
CAMP-0191,PRD-089,13705206,359748,51,410621,78127
CAMP-0079,PRD-089,4403766,47631,91,908272,35088
CAMP-0057,PRD-089,5945282,163655,76,626034,33474
CAMP-0149,PRD-089,4020140,83338,100,1045270,36415
CAMP-0123,PRD-089,4413417,160022,48,403187,79486
CAMP-0116,PRD-090,3963125,79218,82,629035,48656
CAMP-0100,PRD-090,7964226,229660,100,688798,59529
CAMP-0089,PRD-090,10658329,340529,23,173430,59710
CAMP-0125,PRD-090,976575,43962,95,659956,6675
CAMP-0061,PRD-090,4010217,163112,12,89141,42480
CAMP-0034,PRD-090,11819763,225347,95,548597,60479
CAMP-0118,PRD-091,7476229,279997,98,1440076,44149
CAMP-0143,PRD-091,5050949,101797,58,884763,43438
CAMP-0012,PRD-091,3554801,94024,20,329360,52727
CAMP-0062,PRD-091,12459326,572286,86,1139029,77043
CAMP-0130,PRD-091,5031827,101605,16,200943,71300
CAMP-0161,PRD-091,6431098,88976,59,897225,40366
CAMP-0018,PRD-091,7233751,233785,80,1144278,68732
CAMP-0126,PRD-092,5697947,100100,88,1712749,49103
CAMP-0110,PRD-092,1577133,27526,64,1100856,12333
CAMP-0008,PRD-092,7620955,377089,78,1615766,39161
CAMP-0025,PRD-092,4880474,233261,65,1254435,42818
CAMP-0061,PRD-092,1663155,47874,44,722358,14238
CAMP-0139,PRD-092,2614217,70717,85,1527377,32578
CAMP-0137,PRD-092,2971321,50190,53,1048480,58389
CAMP-0051,PRD-092,3275436,116629,51,883345,41783
CAMP-0041,PRD-093,8389544,93562,73,163847,58468
CAMP-0076,PRD-093,8418543,251245,67,147316,58308
CAMP-0192,PRD-093,1360604,31872,51,110991,26741
CAMP-0027,PRD-093,9401824,306942,96,206212,50939
CAMP-0031,PRD-093,2666417,87338,8,17605,50784
CAMP-0018,PRD-093,1180395,21575,99,230529,11065
CAMP-0089,PRD-093,4677703,101259,72,132667,43076
CAMP-0095,PRD-093,3837777,119883,55,103121,60383
CAMP-0009,PRD-093,1303166,15924,36,68092,8840
CAMP-0108,PRD-093,2608928,66347,68,162990,22479
CAMP-0014,PRD-093,13991987,555585,45,111390,79596
CAMP-0091,PRD-094,6528196,194171,95,1336568,67456
CAMP-0055,PRD-094,3371140,160301,77,1119244,66654
CAMP-0126,PRD-094,1982723,95417,26,344882,13586
CAMP-0062,PRD-094,5777611,247430,39,500930,37447
CAMP-0064,PRD-094,4484122,61767,33,444821,42294
CAMP-0187,PRD-094,7105382,84439,20,265875,37700
CAMP-0017,PRD-094,7969202,364405,78,874438,71961
CAMP-0011,PRD-094,7419960,241002,27,343560,69839
CAMP-0019,PRD-094,3847326,191280,16,234587,62796
CAMP-0186,PRD-094,1200348,55223,8,86512,10769
CAMP-0107,PRD-094,12275122,194260,75,1071852,72169
CAMP-0088,PRD-094,5724067,102388,65,916487,77192
CAMP-0141,PRD-094,9539993,401003,69,786238,54149
CAMP-0143,PRD-094,9759182,426530,20,243029,54364
CAMP-0027,PRD-094,4454885,212249,5,63944,38802
CAMP-0096,PRD-095,5816190,207104,56,452922,64526
CAMP-0095,PRD-095,3020030,146182,14,116258,26692
CAMP-0065,PRD-095,11626433,254385,12,102641,65311
CAMP-0003,PRD-095,14855343,731757,75,590710,77151
CAMP-0134,PRD-095,2053370,35215,17,144311,22460
CAMP-0121,PRD-095,2927412,33440,19,139178,28102
CAMP-0177,PRD-095,3452621,161906,86,690305,59208
CAMP-0197,PRD-095,1969052,36707,27,223795,21164
CAMP-0082,PRD-095,6104068,75350,57,448056,37889
CAMP-0147,PRD-095,4234404,60268,94,802612,38968
CAMP-0151,PRD-095,3225732,155430,35,311729,53672
CAMP-0042,PRD-095,4029565,192192,99,721363,76297
CAMP-0199,PRD-095,10822556,328926,42,373082,64455
CAMP-0032,PRD-095,3046186,36360,62,545349,59813
CAMP-0140,PRD-095,6289021,146149,98,671283,34699
CAMP-0015,PRD-096,1403160,29561,6,101763,19389
CAMP-0108,PRD-096,7300943,196906,27,488257,56346
CAMP-0186,PRD-096,6556398,151390,30,536610,37473
CAMP-0179,PRD-096,3375531,51286,68,1251497,34305
CAMP-0164,PRD-096,310935,7816,95,1511306,5640
CAMP-0142,PRD-096,5282718,156085,99,2002299,54682
CAMP-0141,PRD-096,4756265,56857,6,113237,64044
CAMP-0174,PRD-096,2947415,32928,44,711939,16831
CAMP-0119,PRD-097,2354889,41479,14,207841,31093
CAMP-0177,PRD-097,5288727,87968,20,281812,29860
CAMP-0182,PRD-097,12779399,329688,28,403318,68830
CAMP-0066,PRD-097,4958595,92970,36,552005,45074
CAMP-0120,PRD-097,4537349,210613,50,770962,72674
CAMP-0001,PRD-097,2500693,74758,25,333190,25297
CAMP-0193,PRD-097,1853374,92046,68,924853,15304
CAMP-0159,PRD-097,4376939,91578,50,790846,67748
CAMP-0183,PRD-097,3381693,136160,60,731004,47007
CAMP-0135,PRD-097,749476,20245,56,731678,8223
CAMP-0161,PRD-098,11132354,111362,12,113162,69561
CAMP-0125,PRD-098,3436787,52158,49,555096,58419
CAMP-0005,PRD-098,13463000,497165,80,882258,75762
CAMP-0057,PRD-098,4094257,180114,8,84078,38931
CAMP-0116,PRD-098,5807280,288165,17,183435,65952
CAMP-0181,PRD-098,5917561,264547,98,1020774,46968
CAMP-0041,PRD-098,5646103,179829,24,267933,58104
CAMP-0054,PRD-098,2754722,136073,86,909571,26293
CAMP-0025,PRD-098,4216219,106437,61,725851,38672
CAMP-0114,PRD-099,2929261,119810,25,218643,15702
CAMP-0136,PRD-099,2453744,71437,85,962211,25883
CAMP-0093,PRD-099,4344745,137140,37,421326,78127
CAMP-0128,PRD-099,10765973,342754,31,300799,65678
CAMP-0027,PRD-100,3456953,118369,62,976360,35888
CAMP-0066,PRD-100,2527354,60986,98,1485810,12872
CAMP-0106,PRD-100,6878216,151123,49,710440,48712
CAMP-0166,PRD-100,2734812,98607,6,74859,15711
CAMP-0025,PRD-100,4106486,59751,71,1007738,76174
CAMP-0096,PRD-100,4456311,184020,65,824205,26491
CAMP-0049,PRD-100,2435195,28067,34,447537,19590
CAMP-0011,PRD-101,891740,21820,78,660447,12444
CAMP-0194,PRD-101,12688957,154758,53,384227,67273
CAMP-0135,PRD-101,1828711,64746,60,532959,13348
CAMP-0092,PRD-101,3547650,50130,37,329232,33688
CAMP-0140,PRD-101,5648081,175302,35,256354,29497
CAMP-0076,PRD-101,11783667,557716,39,337258,79537
CAMP-0155,PRD-101,6049212,170973,20,155240,63141
CAMP-0027,PRD-102,6672688,293546,14,62447,68857
CAMP-0180,PRD-102,5183068,235431,5,26234,78533
CAMP-0179,PRD-102,7000677,136734,87,499320,79079
CAMP-0003,PRD-102,6782061,210907,12,64232,69452
CAMP-0013,PRD-102,3202517,148819,17,101538,35491
CAMP-0059,PRD-103,6885652,161300,97,457547,70182
CAMP-0058,PRD-103,5801728,250150,95,446246,32340
CAMP-0176,PRD-103,3775016,171803,27,128391,72661
CAMP-0087,PRD-103,1444870,59216,81,348461,11998
CAMP-0001,PRD-103,6182039,215850,32,181317,32148
CAMP-0015,PRD-103,4624250,105462,56,274399,58078
CAMP-0141,PRD-103,4426742,77727,28,148616,41127
CAMP-0041,PRD-104,5021637,190082,52,794494,73056
CAMP-0198,PRD-104,2842622,89670,32,498043,34705
CAMP-0039,PRD-104,1148511,43413,80,1066272,11791
CAMP-0134,PRD-104,1880968,44713,63,939163,31262
CAMP-0032,PRD-104,6983773,247675,72,1152649,41946
CAMP-0160,PRD-104,11293385,129709,26,360315,65240
CAMP-0167,PRD-104,2674875,47070,47,718924,42483
CAMP-0068,PRD-104,4998095,211736,69,1087296,43266
CAMP-0173,PRD-104,5420957,116880,6,98455,38607
CAMP-0007,PRD-104,7986726,255619,23,324135,40545
CAMP-0012,PRD-104,7413021,120830,16,231540,63872
CAMP-0088,PRD-104,2474894,117722,61,885382,15808
CAMP-0008,PRD-105,5022973,104983,12,171858,49529
CAMP-0007,PRD-105,4585385,63793,60,668100,79568
CAMP-0146,PRD-105,1931703,61869,58,875146,23552
CAMP-0080,PRD-105,10834540,340548,30,374959,65362
CAMP-0068,PRD-105,10499287,375936,57,774193,62165
CAMP-0030,PRD-105,4159214,172076,38,531072,27940
CAMP-0183,PRD-106,8207516,145617,52,872908,78950
CAMP-0022,PRD-106,2372757,81665,92,1395251,13352
CAMP-0125,PRD-107,1973879,79608,19,110480,19633
CAMP-0145,PRD-107,4482673,198451,31,216912,31019
CAMP-0163,PRD-107,693915,24132,60,382358,8236
CAMP-0169,PRD-107,2607633,44499,40,282737,15111
CAMP-0030,PRD-107,12266663,138114,98,637439,67933
CAMP-0009,PRD-107,2327327,58228,22,128692,41044
CAMP-0120,PRD-107,953460,13436,50,349344,10444
CAMP-0183,PRD-107,3861180,83171,22,138329,71538
CAMP-0004,PRD-107,1266756,59988,84,547554,7579
CAMP-0073,PRD-107,2221383,40189,53,352451,17585
CAMP-0041,PRD-107,3529852,104812,35,203225,22244
CAMP-0102,PRD-107,10496464,119430,96,545349,71229
CAMP-0101,PRD-107,5902834,292402,15,91911,55298
CAMP-0166,PRD-107,13247298,311455,44,269655,76703
CAMP-0034,PRD-108,2839119,141488,5,53608,52349
CAMP-0149,PRD-108,5531795,195162,7,77874,71939
CAMP-0081,PRD-108,1793887,88082,50,586892,21566
CAMP-0151,PRD-108,3032083,142763,99,1106946,50471
CAMP-0046,PRD-108,1454302,43188,49,628894,8705
CAMP-0160,PRD-109,5109431,225111,70,741812,34591
CAMP-0012,PRD-109,9498634,470743,44,525101,77310
CAMP-0171,PRD-109,5272972,124107,73,724616,40147
CAMP-0056,PRD-109,4475378,114693,81,936531,57903
CAMP-0158,PRD-109,10641395,296545,15,143198,53545
CAMP-0031,PRD-109,2304798,91493,55,513381,14683
CAMP-0145,PRD-109,13480886,451052,19,190219,76658
CAMP-0120,PRD-109,5256921,203690,46,480449,79435
CAMP-0118,PRD-109,3937079,196018,35,374622,69461
CAMP-0141,PRD-109,5852077,164184,44,514897,48047
CAMP-0059,PRD-109,557692,11324,29,274021,10989
CAMP-0192,PRD-109,12558964,190185,62,761055,66993
CAMP-0071,PRD-109,1177064,39738,44,454979,19678
CAMP-0146,PRD-110,5631394,76956,76,206028,49653
CAMP-0035,PRD-110,5511112,108015,50,118347,49076
CAMP-0125,PRD-110,10628761,436784,52,130994,73919
CAMP-0041,PRD-110,9276763,413285,46,101793,59843
CAMP-0058,PRD-110,9092764,183701,80,181397,58608
CAMP-0169,PRD-110,836455,27901,54,134259,7486
CAMP-0144,PRD-110,10678813,303409,10,28354,73754
CAMP-0181,PRD-111,1404898,64035,80,1029783,8599
CAMP-0086,PRD-111,7332157,165076,83,1089856,52108
CAMP-0165,PRD-111,1721113,68137,59,736012,12055
CAMP-0003,PRD-111,7662270,256345,77,853389,38317
CAMP-0027,PRD-111,5311277,104152,77,952746,29663
CAMP-0084,PRD-111,2849750,28759,88,1142401,15799
CAMP-0188,PRD-111,3504074,85974,50,661467,32193
CAMP-0022,PRD-111,7933832,99222,84,905199,43666
CAMP-0150,PRD-111,6283841,106974,79,812371,44949
CAMP-0102,PRD-111,9536533,260706,90,982776,59909
CAMP-0048,PRD-111,8841826,379283,9,115768,46201
CAMP-0005,PRD-111,4328347,207662,97,1351244,21931
CAMP-0126,PRD-111,4224262,163745,72,924170,33965
CAMP-0079,PRD-111,5606050,227275,54,667957,58363
CAMP-0020,PRD-112,7569761,148158,72,631817,39729
CAMP-0016,PRD-112,5521156,195644,45,468544,27878
CAMP-0145,PRD-112,9111090,409376,39,338404,65339
CAMP-0041,PRD-112,7995368,294922,5,44585,69201
CAMP-0021,PRD-112,9596747,144481,77,772715,73779
CAMP-0085,PRD-112,6277668,71300,41,391753,54989
CAMP-0006,PRD-112,3276550,124702,100,936971,44678
CAMP-0170,PRD-112,5517088,117892,90,782212,39440
CAMP-0080,PRD-112,4392789,163200,35,318735,55665
CAMP-0172,PRD-112,2210783,59109,27,285190,17304
CAMP-0064,PRD-112,8130480,184002,44,349530,43364
CAMP-0003,PRD-112,4732625,218623,90,719721,66488
CAMP-0134,PRD-112,1774377,76169,96,977426,18882
CAMP-0154,PRD-112,599866,11593,60,577335,7224
CAMP-0077,PRD-112,2556112,72149,50,459947,19209
CAMP-0111,PRD-113,3206114,153461,71,358726,19258
CAMP-0125,PRD-113,4854663,113026,64,333947,74771
CAMP-0129,PRD-113,6095923,141549,11,68142,43180
CAMP-0134,PRD-113,7563172,185885,7,40864,55590
CAMP-0190,PRD-114,855007,25958,44,805799,5681
CAMP-0171,PRD-114,11950909,452946,41,725440,76846
CAMP-0040,PRD-114,6850177,130698,9,175131,73977
CAMP-0053,PRD-114,10161689,369251,98,1854054,56112
CAMP-0087,PRD-114,705850,8728,19,309834,11208
CAMP-0114,PRD-114,810036,18933,93,1702161,6281
CAMP-0156,PRD-114,5494204,110004,25,406605,40969
CAMP-0169,PRD-114,3273884,82438,25,457613,31897
CAMP-0199,PRD-114,7024264,187245,70,1012454,38150
CAMP-0132,PRD-114,2100870,91666,52,942061,29372
CAMP-0140,PRD-114,1610583,57040,15,248377,21180
CAMP-0084,PRD-114,2282680,95178,69,1164959,43200
CAMP-0057,PRD-115,815150,16511,84,1701095,8661
CAMP-0163,PRD-115,9469802,380825,23,434287,49874
CAMP-0140,PRD-115,1049658,34912,58,994444,8670
CAMP-0047,PRD-115,13884834,140322,47,848284,70865
CAMP-0063,PRD-115,2798015,79386,50,988887,18214
CAMP-0043,PRD-115,968266,19467,84,1584214,7355
CAMP-0007,PRD-115,2411644,53467,60,1014079,17306
CAMP-0088,PRD-115,5984114,144685,9,176191,38477
CAMP-0052,PRD-115,10530579,231117,79,1599939,59128
CAMP-0156,PRD-115,1428762,14426,40,777444,21004
CAMP-0128,PRD-115,1104907,39924,45,930475,6461
CAMP-0081,PRD-115,6790060,176882,35,647646,40600
CAMP-0074,PRD-115,10977338,528626,100,1603237,69913
CAMP-0070,PRD-115,9371015,344207,25,428230,61591
CAMP-0144,PRD-115,2731947,111034,27,446769,40426
CAMP-0021,PRD-116,7173761,215475,32,163019,55455
CAMP-0068,PRD-116,4976168,104063,21,121528,59816
CAMP-0181,PRD-117,10917883,431087,28,181246,61314
CAMP-0097,PRD-117,5129112,227158,54,404287,29039
CAMP-0007,PRD-117,780458,25602,78,537566,12090
CAMP-0009,PRD-117,3879079,174310,97,644815,39844
CAMP-0182,PRD-117,2117708,25463,54,336881,24994
CAMP-0047,PRD-117,462313,14453,11,74155,7832
CAMP-0185,PRD-117,1034507,23750,43,290358,12649
CAMP-0077,PRD-117,2640997,64383,13,83399,42236
CAMP-0034,PRD-117,3288306,66611,95,655387,53427
CAMP-0173,PRD-117,4958818,86838,42,304813,75383
CAMP-0050,PRD-117,12225730,143061,31,208932,69833
CAMP-0086,PRD-117,3019095,130453,14,96345,34844
CAMP-0100,PRD-117,9462357,338974,47,276035,52016
CAMP-0011,PRD-117,3728373,78850,91,678505,28487
CAMP-0095,PRD-118,7678255,77151,74,60347,46045
CAMP-0123,PRD-118,3327251,49414,67,61163,16858
CAMP-0109,PRD-118,5271443,174094,61,62052,71495
CAMP-0134,PRD-118,8515267,198822,59,60476,45983
CAMP-0137,PRD-118,12183654,221328,14,13012,78157
CAMP-0178,PRD-118,3630452,62840,59,48166,20157
CAMP-0059,PRD-118,5100521,143276,40,37456,54334
CAMP-0193,PRD-118,4605647,96206,81,90298,24363
CAMP-0006,PRD-118,8775340,389311,95,99299,49718
CAMP-0108,PRD-118,6527994,137950,68,55514,70019
CAMP-0186,PRD-118,10603212,415935,59,64611,63786
CAMP-0124,PRD-118,3071710,34180,94,99288,37195
CAMP-0071,PRD-118,4750345,158087,100,102950,54343
CAMP-0119,PRD-118,1738753,48629,55,57446,30952
CAMP-0088,PRD-118,3938629,120118,21,21032,25354
CAMP-0172,PRD-119,4741324,184983,19,290177,23844
CAMP-0098,PRD-119,5062501,124386,38,519516,69625
CAMP-0033,PRD-119,5390465,96725,45,777176,51671
CAMP-0019,PRD-119,3948345,142838,30,424781,56991
CAMP-0130,PRD-120,5223909,189034,47,428641,78418
CAMP-0068,PRD-120,1649491,20410,66,453701,8824
CAMP-0119,PRD-120,5610382,99834,86,802391,70108
CAMP-0155,PRD-120,4641797,84136,70,571088,32122
CAMP-0163,PRD-120,7980521,88862,56,454522,48731
CAMP-0046,PRD-121,9642544,240435,89,1018454,49823
CAMP-0055,PRD-121,1943500,66643,13,135936,29139
CAMP-0129,PRD-121,15006604,252435,48,495185,79160
CAMP-0081,PRD-121,3100114,33608,92,835061,21285
CAMP-0142,PRD-121,3196753,151862,14,125880,23162
CAMP-0110,PRD-121,796651,10288,39,340141,7945
CAMP-0047,PRD-121,8400119,303089,12,113721,43915
CAMP-0171,PRD-121,6277153,277679,19,207342,57217
CAMP-0077,PRD-121,10116511,409964,63,554064,78454
CAMP-0044,PRD-121,1105249,31277,87,868342,17442
CAMP-0076,PRD-121,5361539,221011,83,843180,62356
CAMP-0122,PRD-121,2992190,123095,45,389388,27735
CAMP-0175,PRD-121,6880907,170879,92,855480,76894
CAMP-0059,PRD-121,11558521,294786,25,281069,68574
CAMP-0137,PRD-121,1075095,24248,79,693622,5624
CAMP-0119,PRD-122,9155998,424003,83,526299,46719
CAMP-0056,PRD-122,4361691,129672,10,56242,38149
CAMP-0074,PRD-122,7001746,247184,80,501202,58099
CAMP-0163,PRD-122,10446555,141752,14,86247,58765
CAMP-0084,PRD-123,1086546,21176,25,327237,5923
CAMP-0067,PRD-123,11848679,552447,27,348078,66701
CAMP-0039,PRD-123,4250735,182157,48,738164,32929
CAMP-0102,PRD-123,2710309,76021,68,1035102,43667
CAMP-0115,PRD-123,4958325,161840,18,289063,39690
CAMP-0162,PRD-123,2765914,31738,34,440550,13887
CAMP-0155,PRD-123,4877678,67289,99,1365188,37991
CAMP-0026,PRD-123,2485952,84626,70,959804,17649
CAMP-0163,PRD-123,6568049,280772,51,849801,43269
CAMP-0072,PRD-123,2268808,72573,92,1367235,29982
CAMP-0036,PRD-123,2715835,46861,70,1032599,17938
CAMP-0166,PRD-123,7539537,347839,52,771992,70575
CAMP-0048,PRD-124,4542097,67015,73,998391,77098
CAMP-0098,PRD-124,10949365,267945,92,1156963,73516
CAMP-0081,PRD-124,4187723,201329,83,1048300,25700
CAMP-0034,PRD-124,767777,13770,100,1443755,7541
CAMP-0037,PRD-124,1148107,23224,7,99558,19637
CAMP-0062,PRD-124,3117942,55873,97,1192024,36579
CAMP-0163,PRD-124,10812764,170738,79,1123226,58105
CAMP-0040,PRD-124,7321515,199481,23,333943,43603
CAMP-0140,PRD-124,847739,24561,27,338211,11808
CAMP-0157,PRD-124,6522331,325884,95,1127184,40539
CAMP-0162,PRD-125,3195247,117076,100,1793293,22277
CAMP-0107,PRD-125,5523350,79815,33,701548,76197
CAMP-0064,PRD-125,2232385,93352,16,256839,38730
CAMP-0008,PRD-126,8228574,391931,32,307773,77405
CAMP-0059,PRD-126,6098057,209375,59,643019,48612
CAMP-0098,PRD-126,9029527,361187,85,790885,55282
CAMP-0152,PRD-126,4277492,198710,38,339676,33981
CAMP-0163,PRD-126,3200966,100396,72,785344,50498
CAMP-0066,PRD-126,8116175,101173,30,275779,64947
CAMP-0083,PRD-126,12655414,513096,38,445392,65415
CAMP-0179,PRD-126,5038817,184143,82,751510,35909
CAMP-0168,PRD-126,1405810,31095,30,276270,25604
CAMP-0156,PRD-126,4740957,206941,73,767619,45679
CAMP-0118,PRD-126,7061455,278378,60,673500,35507
CAMP-0051,PRD-126,4697101,104421,41,370560,24075
CAMP-0190,PRD-126,6271700,164753,43,396440,64794
CAMP-0137,PRD-126,9981275,442901,95,1114466,78589
CAMP-0129,PRD-127,10601261,338952,97,377564,63816
CAMP-0083,PRD-127,2220961,87233,20,89023,15821
CAMP-0084,PRD-128,4630127,165796,35,366327,23647
CAMP-0134,PRD-128,672933,31926,71,916594,6094
CAMP-0016,PRD-128,10808947,437647,60,654068,55816
CAMP-0103,PRD-129,7335248,351831,5,18552,43518
CAMP-0130,PRD-129,7980502,273938,50,148904,67085
CAMP-0106,PRD-129,2822631,38410,14,41443,23830
CAMP-0195,PRD-129,1554920,35820,70,210583,21090
CAMP-0090,PRD-129,7038946,279786,57,219045,55086
CAMP-0171,PRD-129,1003200,12826,43,155105,13179
CAMP-0085,PRD-129,6270550,297776,36,127857,45354
CAMP-0059,PRD-129,11314066,517359,71,223357,76695
CAMP-0001,PRD-129,10096093,496299,45,133647,60527
CAMP-0016,PRD-129,3419371,36457,11,42801,28613
CAMP-0057,PRD-129,4021567,190895,10,28819,59023
CAMP-0088,PRD-129,11324659,326299,13,41830,59286
CAMP-0161,PRD-129,6515856,271147,79,291273,46953
CAMP-0003,PRD-130,1414770,64857,60,657227,12005
CAMP-0085,PRD-130,4310859,136168,52,606596,64650
CAMP-0112,PRD-130,5601945,163662,46,545774,45355
CAMP-0052,PRD-130,3762988,177756,39,477522,28767
CAMP-0005,PRD-130,7818769,287766,61,686757,63594
CAMP-0125,PRD-130,3936059,135625,95,1198285,29817
CAMP-0061,PRD-130,4241188,162089,28,316491,33561
CAMP-0035,PRD-130,6457131,190139,43,522619,39212
CAMP-0037,PRD-131,3421581,70916,66,237452,63298
CAMP-0141,PRD-131,4770245,56075,20,91959,40227
CAMP-0089,PRD-131,8134201,296592,76,333825,75868
CAMP-0100,PRD-131,2364432,24558,52,210475,45867
CAMP-0022,PRD-131,6395088,237676,91,426768,41060
CAMP-0053,PRD-131,13429559,670250,21,93281,77727
CAMP-0056,PRD-131,4822787,109032,39,152104,27296
CAMP-0156,PRD-131,13777484,688123,95,407647,69792
CAMP-0085,PRD-131,13720858,514370,30,117785,77176
CAMP-0097,PRD-132,6513597,175555,87,657832,70168
CAMP-0153,PRD-132,3847172,107816,33,223792,28691
CAMP-0057,PRD-132,12136043,393563,48,327208,75556
CAMP-0139,PRD-132,6836267,328330,21,150564,57110
CAMP-0065,PRD-132,6533589,77256,27,238455,54470
CAMP-0198,PRD-133,3181310,115298,45,466424,49597
CAMP-0135,PRD-133,4096743,182716,25,227605,28856
CAMP-0096,PRD-133,331715,5924,36,352314,5094
CAMP-0166,PRD-133,3110543,102614,82,805472,22807
CAMP-0018,PRD-133,2229772,64110,80,866471,32809
CAMP-0164,PRD-133,4118068,129716,20,189945,51980
CAMP-0091,PRD-133,2619698,75115,86,1019264,13936
CAMP-0146,PRD-133,9597424,139072,22,199350,60024
CAMP-0029,PRD-133,2655994,79436,43,455939,43932
CAMP-0086,PRD-133,11273795,164963,80,854409,64178
CAMP-0136,PRD-133,8034788,245648,12,107327,77079
CAMP-0137,PRD-133,6535739,151687,85,914201,58394
CAMP-0026,PRD-133,5706516,60717,35,360683,50644
CAMP-0151,PRD-133,1937671,94943,63,565272,9721
CAMP-0104,PRD-133,3729891,167434,59,659895,45105
CAMP-0014,PRD-134,4973394,246578,58,450377,76913
CAMP-0124,PRD-134,2332807,75975,65,481468,22211
CAMP-0137,PRD-134,921927,20158,56,457722,12179
CAMP-0174,PRD-135,2261951,72794,56,485311,18560
CAMP-0191,PRD-135,4752447,59329,44,402250,40033
CAMP-0099,PRD-135,1175914,37398,38,360358,11696
CAMP-0116,PRD-135,2844631,98138,99,798323,14340
CAMP-0025,PRD-135,2667349,127501,21,200501,33054
CAMP-0157,PRD-135,8669566,360193,52,473275,53122
CAMP-0038,PRD-135,8981849,148578,64,535169,49190
CAMP-0009,PRD-135,12549979,416197,32,246236,73987
CAMP-0047,PRD-135,5121988,143323,63,515162,64734
CAMP-0156,PRD-135,1719442,35359,16,129512,20654
CAMP-0065,PRD-135,759691,36280,98,752951,5466
CAMP-0045,PRD-135,3729544,76373,20,149750,33088
CAMP-0132,PRD-135,2180089,38984,100,771505,43450
CAMP-0078,PRD-135,4176855,159521,74,598735,31106
CAMP-0004,PRD-135,7135250,188100,20,190196,68566
CAMP-0143,PRD-136,2195234,102920,55,792413,23377
CAMP-0139,PRD-136,6527221,315626,69,1025629,58965
CAMP-0150,PRD-136,8411298,175892,72,987089,59723
CAMP-0076,PRD-136,10862940,450189,27,349982,59569
CAMP-0023,PRD-136,1858702,79505,69,867467,17012
CAMP-0134,PRD-136,7509487,364367,48,766877,40001
CAMP-0193,PRD-136,1217483,13312,69,900689,18945
CAMP-0113,PRD-137,2896287,54208,75,181653,49039
CAMP-0072,PRD-137,5232662,99314,25,46415,35848
CAMP-0159,PRD-137,4397280,149426,53,120112,24923
CAMP-0133,PRD-137,5940871,285449,44,86041,68225
CAMP-0012,PRD-137,974297,42515,19,42669,9588
CAMP-0029,PRD-137,13282768,464411,29,65416,79077
CAMP-0121,PRD-137,2849450,85023,87,165549,34799
CAMP-0166,PRD-137,1613946,19450,99,217624,29989
CAMP-0075,PRD-137,4551337,127594,84,194951,26546
CAMP-0006,PRD-137,4373135,152098,70,165648,74345
CAMP-0137,PRD-137,3804572,170300,89,221248,38289
CAMP-0095,PRD-137,8519198,380776,30,68354,76163
CAMP-0151,PRD-137,12300213,530959,48,110458,79396
CAMP-0007,PRD-137,4483533,166325,17,42306,28913
CAMP-0187,PRD-138,3413053,128321,52,548883,53701
CAMP-0110,PRD-138,6063527,207887,49,428195,34588
CAMP-0058,PRD-138,3025784,58512,45,442307,36706
CAMP-0151,PRD-138,5267970,227561,21,198088,42819
CAMP-0130,PRD-138,5770857,199763,14,131269,31820
CAMP-0085,PRD-138,9226913,397502,49,472763,67320
CAMP-0124,PRD-138,1608300,59383,75,695457,31917
CAMP-0163,PRD-138,5652019,278079,76,711102,65127
CAMP-0039,PRD-138,644357,23051,60,685342,8193
CAMP-0030,PRD-138,7953234,89188,83,910370,58642
CAMP-0190,PRD-138,11197906,343944,95,1012532,63797
CAMP-0079,PRD-138,4403859,195621,93,949443,36409
CAMP-0032,PRD-138,5884891,225089,39,356838,49782
CAMP-0053,PRD-138,1787240,30546,23,261130,15372
CAMP-0106,PRD-139,2481251,70949,43,777381,35177
CAMP-0021,PRD-139,10142438,111573,96,1682666,67543
CAMP-0075,PRD-139,5801889,204229,20,303180,37641
CAMP-0101,PRD-139,8752173,307286,74,1135669,51014
CAMP-0186,PRD-139,2649928,35983,45,695827,32192
CAMP-0108,PRD-139,1458904,28948,39,630612,11862
CAMP-0154,PRD-139,7154636,210210,7,117307,44677
CAMP-0001,PRD-139,5794017,107700,31,452898,32465
CAMP-0094,PRD-139,6921548,199075,70,1267581,34819
CAMP-0071,PRD-139,4984765,151214,42,763546,78022
CAMP-0190,PRD-139,10027758,399415,34,508538,58235
CAMP-0185,PRD-139,7830113,200124,98,1700621,45335
CAMP-0117,PRD-139,15694883,415127,30,562845,79561
CAMP-0152,PRD-139,1662167,69375,64,940523,10301
CAMP-0078,PRD-139,7124418,95419,87,1515413,64834
CAMP-0179,PRD-140,5755525,131682,26,157898,47373
CAMP-0016,PRD-140,1413000,58010,73,530176,8129
CAMP-0076,PRD-140,6902777,236957,44,268189,78951
CAMP-0196,PRD-140,7877655,295984,99,587040,47936
CAMP-0049,PRD-140,4815767,64962,33,209265,43840
CAMP-0137,PRD-140,483521,21732,46,352531,8218
CAMP-0128,PRD-140,3664642,67440,31,184731,22445
CAMP-0019,PRD-140,1973551,31454,6,41968,39160
CAMP-0061,PRD-140,511445,10526,34,271721,7096
CAMP-0139,PRD-140,4853282,99220,59,422389,63459
CAMP-0059,PRD-140,1000657,30596,22,135279,6006
CAMP-0166,PRD-141,6628951,126689,91,910529,70311
CAMP-0162,PRD-141,8263448,157748,80,737402,51442
CAMP-0047,PRD-142,327055,12978,14,221846,5420
CAMP-0141,PRD-142,8126127,302821,51,716770,52131
CAMP-0080,PRD-142,9454035,401153,100,1460119,68811
CAMP-0084,PRD-142,6902028,256118,70,992758,52640
CAMP-0127,PRD-142,3925514,92310,32,439853,70714
CAMP-0021,PRD-142,14097121,176412,100,1446016,74729
CAMP-0095,PRD-142,3677562,104440,90,1309117,45270
CAMP-0102,PRD-142,3414964,103043,65,996607,62491
CAMP-0074,PRD-142,13455811,351631,9,127252,74523
CAMP-0161,PRD-142,1542985,16481,14,182643,10147
CAMP-0188,PRD-143,2933068,44906,75,977028,38362
CAMP-0137,PRD-143,4422870,77040,49,683707,35270
CAMP-0193,PRD-143,3868606,90010,29,376614,64627
CAMP-0049,PRD-143,11457531,297688,36,446391,62332
CAMP-0176,PRD-143,936208,21859,48,551738,18345
CAMP-0175,PRD-143,10954750,225601,56,754261,75827
CAMP-0026,PRD-143,3724538,119805,99,1168378,19908
CAMP-0073,PRD-143,4899422,187749,36,469294,31107
CAMP-0182,PRD-143,413207,14474,20,222683,6327
CAMP-0171,PRD-143,4196084,165280,10,124798,30906
CAMP-0078,PRD-143,3485829,151177,98,1200369,22288
CAMP-0127,PRD-143,5464443,189413,35,389576,29767
CAMP-0177,PRD-143,2072726,87204,81,1006865,12734
CAMP-0064,PRD-143,2390744,115093,49,715777,27035
CAMP-0002,PRD-143,12836869,496816,94,1321510,69347
CAMP-0079,PRD-144,958806,46168,62,684937,9011
CAMP-0003,PRD-144,7238613,97870,13,140201,53757
CAMP-0190,PRD-144,3173189,57379,85,954414,40208
CAMP-0098,PRD-144,7447066,242642,78,745009,37602
CAMP-0063,PRD-144,1693951,69267,35,334816,19884
CAMP-0103,PRD-144,7038646,80819,23,255105,68001
CAMP-0150,PRD-144,3919901,195973,45,407805,23248
CAMP-0036,PRD-144,6000731,77306,88,926565,67240
CAMP-0008,PRD-144,8641441,319173,47,456977,49387
CAMP-0149,PRD-144,1200629,17756,5,49665,18819
CAMP-0023,PRD-144,8355539,303072,58,605881,63131
CAMP-0041,PRD-144,2456234,109284,18,158580,21231
CAMP-0081,PRD-144,9009797,195735,27,245273,48271
CAMP-0126,PRD-144,5658912,205096,66,720950,75120
CAMP-0107,PRD-144,7717297,385706,87,866188,51043
CAMP-0124,PRD-145,692810,24348,34,377764,11884
CAMP-0138,PRD-145,5181176,69826,54,692346,28771
CAMP-0038,PRD-145,1861750,92362,50,583467,14452
CAMP-0059,PRD-145,5803878,277357,45,579613,40970
CAMP-0146,PRD-145,1125193,49000,88,1064300,21196
CAMP-0043,PRD-145,7833202,374822,34,381840,72845
CAMP-0008,PRD-145,4315763,46652,80,1066022,65035
CAMP-0088,PRD-145,3910333,150226,18,227301,28630
CAMP-0024,PRD-146,6026906,207078,17,19603,37394
CAMP-0165,PRD-146,2337883,105393,46,57428,29947
CAMP-0187,PRD-146,3078793,138233,29,29838,34536
CAMP-0192,PRD-146,2051394,80007,52,51541,37268
CAMP-0095,PRD-146,8284623,216183,78,88111,56632
CAMP-0051,PRD-146,532129,5927,82,76227,7262
CAMP-0012,PRD-147,1801805,72484,63,766369,20929
CAMP-0181,PRD-147,2125263,81000,11,107870,22189
CAMP-0030,PRD-147,3366950,117367,19,200133,21298
CAMP-0088,PRD-147,5677374,88080,34,341215,75255
CAMP-0087,PRD-147,8618918,373503,17,194380,46053
CAMP-0003,PRD-147,8172744,132151,80,966738,54536
CAMP-0171,PRD-147,3555753,47320,61,576148,38830
CAMP-0047,PRD-147,3309349,36267,19,221183,27081
CAMP-0185,PRD-148,1715335,34158,28,414252,29069
CAMP-0067,PRD-148,3451151,51743,21,349288,26362
CAMP-0087,PRD-148,5655559,107749,75,1420621,48409
CAMP-0096,PRD-148,353973,10471,30,495698,6996
CAMP-0075,PRD-148,1636885,25044,6,98088,31664
CAMP-0053,PRD-149,3077601,141595,47,816782,42839
CAMP-0163,PRD-149,7475090,361532,82,1777784,39966
CAMP-0038,PRD-149,518473,8120,60,1220417,9143
CAMP-0068,PRD-149,10390475,116141,68,1274490,78284
CAMP-0146,PRD-149,10627403,182656,73,1373719,63537
CAMP-0166,PRD-149,3485777,154988,61,1044255,68484
CAMP-0167,PRD-149,2046779,59411,19,332016,14970
CAMP-0133,PRD-149,2907941,124727,46,952743,28449
CAMP-0160,PRD-149,6028648,76963,18,328085,42116
CAMP-0129,PRD-149,5495378,260440,51,939070,52633
CAMP-0130,PRD-149,5439353,144167,79,1707154,31186
CAMP-0154,PRD-149,4226419,72850,60,1241377,45166
CAMP-0087,PRD-149,698041,13320,18,306886,12998
CAMP-0184,PRD-149,7826400,307466,68,1392241,51018
CAMP-0185,PRD-149,7106136,227023,13,275079,59804
CAMP-0196,PRD-150,8282853,248916,55,910889,51805
CAMP-0091,PRD-150,5989507,105521,100,1718837,34686
CAMP-0025,PRD-150,1018304,37000,7,95858,15586
CAMP-0043,PRD-151,7029271,195243,8,123293,71700
CAMP-0077,PRD-151,5707556,227294,18,244193,54209
CAMP-0153,PRD-151,7049390,344989,62,830232,68224
CAMP-0197,PRD-151,9661659,192070,11,185528,62569
CAMP-0063,PRD-151,4018137,59374,96,1577792,36717
CAMP-0186,PRD-151,4252087,180734,50,821487,39859
CAMP-0125,PRD-151,1982584,32404,26,379366,11136
CAMP-0011,PRD-151,9634153,149019,54,767211,50801
CAMP-0194,PRD-151,5034128,228843,97,1612383,33020
CAMP-0048,PRD-151,721069,22248,79,1385356,13693
CAMP-0104,PRD-152,6278095,160896,45,184583,32471
CAMP-0174,PRD-152,8935555,122968,49,230232,79381
CAMP-0066,PRD-152,4109810,96280,100,508358,22387
CAMP-0058,PRD-152,2063740,48506,86,395421,41035
CAMP-0150,PRD-152,6280920,169633,6,29188,33536
CAMP-0088,PRD-152,3240932,123960,44,190044,33282
CAMP-0144,PRD-152,8912969,283024,18,78001,62352
CAMP-0162,PRD-152,6358358,228913,64,304612,60473
CAMP-0160,PRD-153,3300450,62948,11,79294,28076
CAMP-0098,PRD-153,2874230,57225,43,326717,25955
CAMP-0039,PRD-153,9449379,275458,30,222354,66366
CAMP-0106,PRD-154,1930136,74539,98,268284,32507
CAMP-0037,PRD-154,3667976,119342,35,87658,37711
CAMP-0024,PRD-154,8008930,161548,65,151258,76419
CAMP-0162,PRD-154,769426,17668,45,119900,12425
CAMP-0127,PRD-154,1549374,20250,33,81296,22888
CAMP-0151,PRD-154,2274232,103023,42,102185,18865
CAMP-0046,PRD-154,7286866,262574,100,259276,73668
CAMP-0095,PRD-154,2263294,30761,20,57818,32121
CAMP-0140,PRD-154,1877639,40632,67,158227,26053
CAMP-0075,PRD-154,10696295,315712,28,84896,54684
CAMP-0093,PRD-154,9792268,371619,53,155108,59055
CAMP-0124,PRD-154,3404973,36311,8,18294,37434
CAMP-0194,PRD-154,2154562,74436,98,248997,32801
CAMP-0097,PRD-154,3335060,122970,16,43573,54449
CAMP-0015,PRD-155,4546585,150067,73,836419,56994
CAMP-0166,PRD-155,1313805,33993,31,286061,19370
CAMP-0199,PRD-155,4402768,85981,29,267664,76308
CAMP-0198,PRD-155,754177,23504,9,100756,9716
CAMP-0058,PRD-155,8969776,328861,46,552404,76928
CAMP-0040,PRD-155,3154021,103783,88,827188,21153
CAMP-0028,PRD-155,2172062,100942,51,568554,25431
CAMP-0104,PRD-155,1576112,35476,61,706768,20866
CAMP-0049,PRD-155,7989041,88145,31,289727,57264
CAMP-0174,PRD-155,10716070,191071,65,724618,71428
CAMP-0188,PRD-155,3983421,44014,72,646525,68252
CAMP-0082,PRD-155,7483043,182212,94,844375,47750
CAMP-0118,PRD-155,7337062,259121,9,92380,57665
CAMP-0180,PRD-155,1347840,50934,37,380126,15674
CAMP-0151,PRD-156,3058555,57627,98,1234882,39868
CAMP-0171,PRD-156,2570530,32945,16,237171,26051
CAMP-0168,PRD-156,2223606,56330,46,628585,28877
CAMP-0121,PRD-156,8178220,306173,77,1216151,68675
CAMP-0173,PRD-156,8359139,271189,94,1348273,62669
CAMP-0200,PRD-156,4088018,108912,33,414962,71954
CAMP-0155,PRD-156,1033965,17005,52,810013,13334
CAMP-0138,PRD-156,12370061,279224,82,1224008,78317
CAMP-0067,PRD-156,1934186,71482,61,874398,23947
CAMP-0082,PRD-156,894980,14541,15,204244,8629
CAMP-0115,PRD-156,7628780,307685,99,1349502,75379
CAMP-0008,PRD-156,5842828,261744,5,78284,39149
CAMP-0149,PRD-156,3519169,42366,73,859674,50644
CAMP-0112,PRD-156,1225367,14002,53,727164,9626
CAMP-0110,PRD-157,5521221,228389,73,203367,29446
CAMP-0181,PRD-157,11569598,344304,15,44099,67678
CAMP-0009,PRD-157,3223302,51161,79,210288,42723
CAMP-0033,PRD-157,683199,10678,51,156374,9167
CAMP-0157,PRD-157,5161862,77617,97,232569,79787
CAMP-0125,PRD-157,7332213,315637,54,125737,37166
CAMP-0180,PRD-157,2489898,60303,33,78783,34226
CAMP-0128,PRD-157,3524699,142808,95,279540,42229
CAMP-0011,PRD-157,8091697,208655,77,190074,42360
CAMP-0197,PRD-157,6356604,170010,86,222717,78089
CAMP-0111,PRD-157,2115136,27045,99,288574,23496
CAMP-0187,PRD-158,12742760,211868,39,315994,77735
CAMP-0190,PRD-158,1335439,50789,18,124216,13751
CAMP-0129,PRD-158,2407681,71046,95,720079,13968
CAMP-0162,PRD-158,9076144,117887,62,480809,70534
CAMP-0156,PRD-158,5604333,81843,96,814092,41927
CAMP-0080,PRD-158,6065327,89074,20,138221,61470
CAMP-0186,PRD-158,9555919,466506,42,330694,73059
CAMP-0018,PRD-158,9100726,311442,64,442220,76743
CAMP-0169,PRD-158,2922814,33214,33,291870,14762
CAMP-0040,PRD-158,2676515,123772,31,263274,14667
CAMP-0155,PRD-158,1640613,29002,79,615168,8740
CAMP-0096,PRD-158,11518107,217819,77,565673,78630
CAMP-0145,PRD-158,1159101,15057,49,431518,13807
CAMP-0140,PRD-158,3691288,141647,31,267357,42307
CAMP-0018,PRD-159,1413791,19283,37,582628,14618
CAMP-0181,PRD-159,3760302,181949,52,686031,22565
CAMP-0114,PRD-159,9128664,229587,66,830951,62489
CAMP-0111,PRD-159,4539688,207277,56,825308,59488
CAMP-0177,PRD-159,1122221,29432,93,1505312,7456
CAMP-0121,PRD-159,10662319,222760,18,260689,54024
CAMP-0105,PRD-159,5198779,181833,36,539647,39233
CAMP-0145,PRD-159,8840787,273624,80,1315804,70933
CAMP-0098,PRD-159,3911761,113022,83,1375908,35670
CAMP-0167,PRD-159,1556905,64987,33,415849,27754
CAMP-0097,PRD-159,5370395,96915,94,1182948,28698
CAMP-0019,PRD-159,3429950,47135,47,687170,24343
CAMP-0176,PRD-160,9070019,361074,94,993746,74985
CAMP-0151,PRD-160,8530793,96440,64,638556,59372
CAMP-0127,PRD-161,14204734,596981,91,1452905,74910
CAMP-0140,PRD-161,4309142,93856,57,1071136,53288
CAMP-0087,PRD-162,8195448,222246,18,349577,60437
CAMP-0066,PRD-162,7198859,316046,81,1578114,44645
CAMP-0026,PRD-162,2846068,126317,7,139347,32227
CAMP-0030,PRD-163,3277918,71002,63,407260,56235
CAMP-0009,PRD-163,4911255,210232,90,583558,52574
CAMP-0175,PRD-163,9040924,149897,83,491652,52422
CAMP-0156,PRD-163,14233059,463222,49,340479,72670
CAMP-0077,PRD-163,732155,36066,72,432023,10007
CAMP-0035,PRD-163,4561178,51591,52,354792,51692
CAMP-0044,PRD-164,5717253,250402,16,262807,75173
CAMP-0053,PRD-164,8147920,233086,33,445754,63728
CAMP-0095,PRD-164,4646826,223536,71,1075204,58976
CAMP-0104,PRD-164,10777972,263401,64,1079323,72333
CAMP-0006,PRD-164,12924815,240921,10,158181,65597
CAMP-0037,PRD-164,3018789,141090,38,684831,47733
CAMP-0183,PRD-165,1563679,53270,58,764172,27435
CAMP-0187,PRD-165,2939974,122040,70,941569,41840
CAMP-0165,PRD-165,4655152,179132,64,793206,74840
CAMP-0179,PRD-165,2265561,86285,28,328239,15420
CAMP-0123,PRD-165,10357788,264620,28,352258,79524
CAMP-0138,PRD-165,12851248,150911,43,476752,72503
CAMP-0071,PRD-165,3989826,82289,19,191778,57071
CAMP-0039,PRD-165,3066881,72986,8,84133,59551
CAMP-0051,PRD-165,4886832,125473,30,409542,73743
CAMP-0064,PRD-165,5310198,152512,19,206404,29907
CAMP-0005,PRD-165,969622,25234,97,1137409,9623
CAMP-0178,PRD-166,3523614,85846,81,839184,63744
CAMP-0116,PRD-166,4012150,163850,91,969290,20724
CAMP-0148,PRD-166,5806329,127584,59,580011,51025
CAMP-0099,PRD-166,3824947,114505,79,730601,38202
CAMP-0100,PRD-167,1940697,45747,93,276478,21487
CAMP-0120,PRD-167,3205332,86247,84,263128,18981
CAMP-0193,PRD-167,2785825,86785,47,132165,43001
CAMP-0154,PRD-167,8937047,314240,87,266733,56566
CAMP-0004,PRD-167,5831538,73610,66,203085,75208
CAMP-0189,PRD-167,3678162,90870,43,112650,56947
CAMP-0045,PRD-167,9203529,102028,14,33396,79445
CAMP-0167,PRD-168,13414172,597650,75,238431,73001
CAMP-0133,PRD-168,8962741,93374,18,54454,45140
CAMP-0027,PRD-168,4988913,247731,37,115014,55714
CAMP-0132,PRD-168,12489291,129919,55,154244,72765
CAMP-0185,PRD-169,10642038,240704,32,107346,59025
CAMP-0172,PRD-169,721094,31965,44,158576,7520
CAMP-0105,PRD-169,8406425,189835,50,177324,64569
CAMP-0176,PRD-170,7642062,315175,93,559118,48208
CAMP-0136,PRD-170,2691398,55420,78,451231,39074
CAMP-0126,PRD-170,8578895,95147,20,123814,71515
CAMP-0042,PRD-170,490374,22942,17,90155,6562
CAMP-0132,PRD-170,4968442,120986,63,370968,66793
CAMP-0037,PRD-170,9115770,240862,71,494650,53960
CAMP-0058,PRD-170,7445408,291304,93,659587,44653
CAMP-0125,PRD-170,2116195,59942,47,315499,14772
CAMP-0018,PRD-170,8067553,390064,18,107897,44380
CAMP-0196,PRD-171,1586427,27450,75,99014,27576
CAMP-0142,PRD-171,5797640,67471,65,101420,47028
CAMP-0192,PRD-171,6261284,134779,96,159383,31927
CAMP-0038,PRD-171,7136684,324917,52,81439,76998
CAMP-0187,PRD-171,2706345,62268,72,97653,47716
CAMP-0156,PRD-171,13858950,434976,32,43162,74547
CAMP-0103,PRD-171,799445,19368,48,73020,6678
CAMP-0085,PRD-171,10205096,254250,98,129740,54811
CAMP-0078,PRD-171,2137428,102923,74,116390,37364
CAMP-0120,PRD-171,410242,12015,86,127980,7371
CAMP-0174,PRD-171,11149440,478132,67,92904,65162
CAMP-0008,PRD-171,7274587,259002,10,13495,36601
CAMP-0180,PRD-172,3563802,50716,57,288071,20181
CAMP-0104,PRD-172,3480160,42603,22,107376,62103
CAMP-0017,PRD-172,12198637,533528,13,64354,77486
CAMP-0065,PRD-172,1034598,47651,5,29725,12710
CAMP-0074,PRD-172,10636865,488933,22,129813,71464
CAMP-0025,PRD-172,6499634,243143,56,336146,34742
CAMP-0156,PRD-172,701666,28275,87,541121,10784
CAMP-0175,PRD-172,10219393,357249,95,586465,59360
CAMP-0188,PRD-172,1587898,73747,92,488387,28850
CAMP-0191,PRD-172,2658217,58128,44,227349,18973
CAMP-0110,PRD-172,7825991,147361,37,220234,46114
CAMP-0155,PRD-172,3041229,105011,27,169451,30073
CAMP-0057,PRD-172,3048561,74733,5,30618,43700
CAMP-0039,PRD-172,9188242,230723,57,292365,71699
CAMP-0154,PRD-173,14220968,380977,30,208776,79531
CAMP-0006,PRD-173,4202395,208167,32,222210,42810
CAMP-0163,PRD-173,4400233,160837,58,466521,55359
CAMP-0071,PRD-173,2093690,45608,38,306064,25471
CAMP-0152,PRD-173,11694271,229749,86,557516,66659
CAMP-0173,PRD-173,10246677,469356,73,528069,74085
CAMP-0011,PRD-173,3195259,103122,32,255540,35454
CAMP-0101,PRD-173,2004413,87996,56,458523,24639
CAMP-0005,PRD-173,4491094,81111,64,518058,31311
CAMP-0132,PRD-173,2988874,89700,76,591462,55218
CAMP-0095,PRD-173,292553,3200,79,558160,5186
CAMP-0084,PRD-174,7374519,192106,67,1012205,57593
CAMP-0161,PRD-174,1475576,49716,58,691433,13661
CAMP-0074,PRD-174,3186787,136219,65,999085,19697
CAMP-0005,PRD-174,7043694,157625,53,711633,47339
CAMP-0089,PRD-174,7809096,204503,34,464978,78092
CAMP-0107,PRD-174,5646540,194702,50,789218,55576
CAMP-0001,PRD-174,3365284,73606,69,1101423,31314
CAMP-0019,PRD-174,838374,17659,93,1206067,7256
CAMP-0154,PRD-174,4471338,158401,44,589247,64864
CAMP-0014,PRD-174,2411274,69707,66,877648,25739
CAMP-0179,PRD-174,4906550,53884,61,798035,74347
CAMP-0192,PRD-174,4595919,195646,63,930723,26200
CAMP-0099,PRD-174,2927061,99448,78,945062,14745
CAMP-0062,PRD-175,4467792,190840,52,253365,32876
CAMP-0033,PRD-175,1958419,92469,6,24443,28796
CAMP-0181,PRD-175,4269371,169208,23,107878,26825
CAMP-0108,PRD-175,8410835,90883,33,145563,42594
CAMP-0023,PRD-175,4285065,63219,28,143167,33533
CAMP-0143,PRD-175,796296,34131,91,456813,14461
CAMP-0109,PRD-175,5703815,229697,5,19555,57287
CAMP-0177,PRD-175,4082331,149282,98,505821,49030
CAMP-0141,PRD-175,4690699,89624,17,71699,24616
CAMP-0038,PRD-175,2255506,45010,65,258230,34245
CAMP-0185,PRD-175,3063709,113920,51,249162,60944
CAMP-0200,PRD-175,4756656,79587,5,19851,39772
CAMP-0098,PRD-176,678715,12231,43,207157,5673
CAMP-0135,PRD-176,2285638,96327,55,250682,21639
CAMP-0092,PRD-176,6769475,155905,70,253973,40048
CAMP-0185,PRD-176,2652871,42818,65,275571,32850
CAMP-0132,PRD-176,6005655,82306,10,39052,78692
CAMP-0124,PRD-176,2624908,74578,76,283979,27468
CAMP-0016,PRD-176,506390,14465,90,325768,6163
CAMP-0192,PRD-176,4619591,225602,78,346872,36971
CAMP-0072,PRD-176,3881151,80909,6,26482,24451
CAMP-0006,PRD-176,6153475,174969,73,318965,36364
CAMP-0138,PRD-176,3039586,48514,59,283977,46564
CAMP-0141,PRD-176,5275662,247470,14,59305,74196
CAMP-0030,PRD-176,3136673,54666,27,97904,23059
CAMP-0032,PRD-177,3375247,58586,62,1013199,18853
CAMP-0106,PRD-177,1327830,47108,31,406140,15721
CAMP-0191,PRD-177,5111054,146085,96,1355201,41852
CAMP-0130,PRD-177,5669294,145868,91,1218525,63539
CAMP-0100,PRD-177,4428257,197726,63,867462,24269
CAMP-0079,PRD-178,5987531,72679,5,41982,42107
CAMP-0153,PRD-178,1676812,81437,56,419517,17706
CAMP-0043,PRD-178,6138397,192885,56,398624,59166
CAMP-0052,PRD-178,3339268,152340,85,706076,52749
CAMP-0090,PRD-179,6458628,96585,96,497346,43595
CAMP-0199,PRD-179,3973056,157078,10,47693,20426
CAMP-0044,PRD-179,2003882,85125,24,127842,35241
CAMP-0053,PRD-179,2576420,83708,41,174688,25481
CAMP-0111,PRD-179,4965598,212241,64,273973,79445
CAMP-0095,PRD-179,8331764,145947,18,86355,43795
CAMP-0011,PRD-179,5413814,132430,86,402063,62386
CAMP-0055,PRD-179,1686427,74817,76,352551,23597
CAMP-0112,PRD-179,8042192,286386,87,422643,55890
CAMP-0139,PRD-180,2397062,88594,91,1541923,22630
CAMP-0060,PRD-180,1241874,56917,95,1486858,8771
CAMP-0003,PRD-180,15182245,286508,85,1424264,79180
CAMP-0041,PRD-181,831049,22225,14,32995,10613
CAMP-0123,PRD-181,3744121,54881,45,102045,56064
CAMP-0147,PRD-181,2901786,109368,28,54711,14650
CAMP-0075,PRD-181,7126942,87265,39,96051,72644
CAMP-0066,PRD-181,9368858,454904,95,223192,48643
CAMP-0009,PRD-181,794624,20837,79,166536,9662
CAMP-0170,PRD-181,2447730,26829,52,104998,24857
CAMP-0092,PRD-181,5148817,206206,69,138782,41480
CAMP-0135,PRD-182,6921597,191697,45,685654,57826
CAMP-0039,PRD-182,691144,33145,30,454115,13443
CAMP-0199,PRD-182,1436375,51036,86,1263823,11878
CAMP-0013,PRD-182,9894502,405079,29,387530,72570
CAMP-0195,PRD-183,10398644,248754,45,95171,61148
CAMP-0083,PRD-183,2141723,62140,56,118491,13035
CAMP-0017,PRD-183,13049836,131600,92,207999,76364
CAMP-0166,PRD-183,587900,16582,9,19113,11080
CAMP-0036,PRD-183,4142974,169931,44,114485,66365
CAMP-0157,PRD-183,13186750,199754,55,139054,77093
CAMP-0078,PRD-183,13253327,584650,26,52673,71323
CAMP-0029,PRD-183,5132556,190445,72,189617,38457
CAMP-0003,PRD-183,4934452,87753,39,94916,34360
CAMP-0153,PRD-183,7261145,260007,84,197910,61739
CAMP-0031,PRD-183,817271,27922,35,72391,6978
CAMP-0155,PRD-183,1166533,33670,71,159812,10076
CAMP-0130,PRD-184,3062923,68366,98,1250807,15360
CAMP-0175,PRD-184,926110,39408,38,448540,10892
CAMP-0146,PRD-184,11374780,218124,16,180280,76664
CAMP-0005,PRD-184,2187644,68970,47,603041,17618
CAMP-0058,PRD-184,4430581,107618,19,239216,52979
CAMP-0123,PRD-184,5678679,202340,23,270734,71369
CAMP-0129,PRD-184,1172539,36710,96,1160495,13548
CAMP-0100,PRD-184,4725451,49577,20,279093,28338
CAMP-0062,PRD-184,10227948,224351,44,625908,62614
CAMP-0084,PRD-184,5710873,279764,58,730179,66875
CAMP-0174,PRD-185,12679068,370162,86,1629499,74413
CAMP-0047,PRD-185,3240649,55279,49,1011408,21596
CAMP-0186,PRD-186,3506759,147232,65,919326,36479
CAMP-0134,PRD-186,6022793,195196,90,1461268,41680
CAMP-0035,PRD-186,2933694,114026,58,1011125,35028
CAMP-0151,PRD-186,6086504,231388,79,1198978,76019
CAMP-0042,PRD-186,7631874,87923,33,488115,39210
CAMP-0058,PRD-186,6268296,143994,44,632982,38681
CAMP-0154,PRD-187,3125611,57178,85,136712,40953
CAMP-0177,PRD-187,2999355,86349,13,20424,22747
CAMP-0045,PRD-187,7500400,194559,35,61544,46386
CAMP-0193,PRD-187,7813932,120064,37,65326,71417
CAMP-0010,PRD-187,1972849,19966,64,90271,21995
CAMP-0017,PRD-187,2701849,69582,49,69411,35314
CAMP-0116,PRD-187,6863708,228229,52,80824,44260
CAMP-0173,PRD-187,2060685,90774,51,93048,21026
CAMP-0144,PRD-187,2125860,79016,22,35204,26588
CAMP-0199,PRD-187,4722011,65726,71,121779,73654
CAMP-0031,PRD-187,4714661,89846,45,69735,57338
CAMP-0167,PRD-187,2803936,134465,71,129784,36695
CAMP-0089,PRD-187,600871,18279,45,65570,9956
CAMP-0003,PRD-187,419134,17015,10,16796,6040
CAMP-0119,PRD-187,4011334,59027,95,138011,28185
CAMP-0087,PRD-188,4832325,107857,29,301838,57356
CAMP-0022,PRD-188,6075447,177693,83,814814,60023
CAMP-0190,PRD-188,3223332,93560,34,321985,25271
CAMP-0001,PRD-188,1013509,49979,71,585486,5936
CAMP-0179,PRD-188,4263868,86913,64,634589,30699
CAMP-0002,PRD-188,11741602,391895,83,737895,66214
CAMP-0040,PRD-188,10448895,470021,31,302817,54698
CAMP-0150,PRD-188,3048614,122433,6,57331,59579
CAMP-0033,PRD-189,8294388,256847,24,292859,72318
CAMP-0105,PRD-189,5359874,185766,48,651124,31586
CAMP-0153,PRD-189,1315295,14507,28,339688,6982
CAMP-0022,PRD-189,13638084,351989,10,144721,76891
CAMP-0183,PRD-189,3355360,84119,66,818803,30103
CAMP-0030,PRD-189,4154624,73333,28,430127,34947
CAMP-0168,PRD-189,5717635,114130,23,317194,53242
CAMP-0143,PRD-189,7738419,137761,97,1532964,53040
CAMP-0092,PRD-190,924934,31274,65,509239,7412
CAMP-0129,PRD-190,6356519,140653,87,691459,49513
CAMP-0019,PRD-190,8433446,400339,11,86353,48068
CAMP-0007,PRD-190,1331373,23216,50,411526,8108
CAMP-0043,PRD-190,7163280,154470,42,326791,57111
CAMP-0015,PRD-190,2768313,117557,49,364701,34015
CAMP-0146,PRD-190,3230258,136223,18,166027,21881
CAMP-0068,PRD-190,9052706,420263,95,716730,52384
CAMP-0013,PRD-190,2788088,44759,56,536440,21656
CAMP-0159,PRD-191,7857240,355420,86,266873,42393
CAMP-0083,PRD-191,1290888,49834,78,262243,8860
CAMP-0012,PRD-191,1732363,72211,14,53461,9296
CAMP-0160,PRD-191,1307470,62394,76,299722,8220
CAMP-0123,PRD-191,3996402,156304,20,74233,31299
CAMP-0110,PRD-191,5076165,85382,26,81009,70082
CAMP-0022,PRD-191,11386317,315625,40,160530,64809
CAMP-0084,PRD-192,4422144,139548,68,1091037,42656
CAMP-0148,PRD-192,12437123,488516,40,513012,75662
CAMP-0159,PRD-192,9508371,107398,35,470526,63667
CAMP-0038,PRD-192,2057585,94987,64,891081,20068
CAMP-0193,PRD-192,15247514,709318,72,1100894,79071
CAMP-0085,PRD-192,5828466,144386,61,752042,49305
CAMP-0007,PRD-193,9239400,197912,51,513195,46259
CAMP-0169,PRD-193,7794156,306242,42,446786,39440
CAMP-0024,PRD-193,8816703,316582,34,352100,77482
CAMP-0020,PRD-193,2981712,38163,51,616857,45975
CAMP-0115,PRD-193,2691955,80780,33,369088,51267
CAMP-0166,PRD-194,9490353,133989,5,6238,60608
CAMP-0154,PRD-194,8517786,135965,54,68988,53481
CAMP-0042,PRD-195,15868961,531269,54,859476,79537
CAMP-0153,PRD-195,9808033,275330,59,847801,55905
CAMP-0119,PRD-195,561676,25129,95,1545122,10543
CAMP-0087,PRD-195,5643027,250619,34,416156,47835
CAMP-0004,PRD-195,8481733,253457,67,1050181,47179
CAMP-0006,PRD-195,10992290,118479,23,371869,77370
CAMP-0016,PRD-195,2550498,114801,73,1125799,29868
CAMP-0077,PRD-195,7070965,179774,81,1184560,48015
CAMP-0099,PRD-195,10572155,520411,84,1065193,72940
CAMP-0200,PRD-195,10595063,519378,77,1159376,79084
CAMP-0154,PRD-195,5956703,121537,58,783541,35366
CAMP-0186,PRD-195,3222788,48099,11,175227,16568
CAMP-0065,PRD-195,14896974,298496,36,494975,79471
CAMP-0145,PRD-195,9698065,256772,6,72926,70593
CAMP-0122,PRD-195,5131571,192426,34,443636,27150
CAMP-0146,PRD-196,4851968,238498,41,350118,58465
CAMP-0016,PRD-196,4620938,72851,74,626593,79119
CAMP-0001,PRD-196,4300481,172119,78,617817,46096
CAMP-0006,PRD-196,6536467,116061,65,480348,33543
CAMP-0097,PRD-196,441376,16674,63,513054,5826
CAMP-0031,PRD-196,6032615,177268,49,419118,42357
CAMP-0088,PRD-196,2431449,69205,8,72552,14004
CAMP-0060,PRD-196,8399408,249996,30,279214,59405
CAMP-0138,PRD-196,3393536,38627,80,564608,33793
CAMP-0049,PRD-196,2105175,38816,98,805143,33602
CAMP-0036,PRD-196,3057510,121479,64,495702,19833
CAMP-0019,PRD-197,4046659,55679,50,670921,48639
CAMP-0172,PRD-197,8682155,256628,21,264955,53034
CAMP-0059,PRD-197,8747842,375846,77,1131097,44897
CAMP-0138,PRD-197,11587248,363695,45,688831,59120
CAMP-0084,PRD-197,10740521,493153,76,929393,74706
CAMP-0017,PRD-197,1589942,74650,30,489396,17719
CAMP-0130,PRD-197,2526774,66569,91,1320608,28431
CAMP-0150,PRD-197,1846537,29082,62,926025,32815
CAMP-0170,PRD-197,6782302,279360,89,1296911,75475
CAMP-0106,PRD-197,918797,34239,21,295381,7561
CAMP-0050,PRD-197,6947319,168348,40,556983,63997
CAMP-0070,PRD-197,4346731,93424,54,713555,63132
CAMP-0060,PRD-197,634627,26998,39,623137,6466
CAMP-0192,PRD-197,7339120,239238,73,991684,53284
CAMP-0157,PRD-198,642005,31633,60,839993,11236
CAMP-0037,PRD-198,849879,37056,93,1346482,5302
CAMP-0059,PRD-198,711879,8418,41,517389,10660
CAMP-0043,PRD-198,3087245,137091,38,530652,42575
CAMP-0152,PRD-198,1643967,17315,28,410194,9185
CAMP-0079,PRD-198,7647338,257108,58,915048,60924
CAMP-0116,PRD-198,9039524,451464,44,552655,72691
CAMP-0035,PRD-198,1117816,55148,93,1302428,9974
CAMP-0114,PRD-198,1069832,38277,25,396681,13187
CAMP-0030,PRD-198,5053466,217033,74,1228856,31972
CAMP-0073,PRD-198,3740700,56009,21,289143,53174
CAMP-0180,PRD-198,7912953,357763,15,234808,77110
CAMP-0006,PRD-199,5797213,261969,42,642654,58475
CAMP-0172,PRD-199,3952636,129895,18,283761,28390
CAMP-0088,PRD-200,3601551,64154,44,698835,55580
CAMP-0162,PRD-200,8075315,310119,55,869010,64994
CAMP-0175,PRD-200,7022487,285713,24,352850,54361
CAMP-0038,PRD-200,3053710,116378,99,1757852,40257
CAMP-0163,PRD-201,4875853,173552,41,676014,49061
CAMP-0074,PRD-201,1444203,51751,56,908305,11414
CAMP-0125,PRD-201,1962403,71412,6,84794,21859
CAMP-0119,PRD-201,3176281,74112,43,558742,43169
CAMP-0128,PRD-201,558402,8336,63,953749,7368
CAMP-0133,PRD-201,1275396,55929,58,805782,9375
CAMP-0040,PRD-201,6743874,181147,79,1024490,54381
CAMP-0088,PRD-201,14649978,255412,33,512245,76339
CAMP-0012,PRD-201,8132165,244747,84,1289998,44420
CAMP-0047,PRD-201,3343244,106924,34,514449,19547
CAMP-0181,PRD-202,5481347,184281,39,529952,33345
CAMP-0123,PRD-202,9707986,234585,50,634023,75216
CAMP-0058,PRD-202,4764067,107397,24,301982,42438
CAMP-0119,PRD-202,2901431,71856,92,1387595,27850
CAMP-0027,PRD-202,8245533,328672,35,405302,70163
CAMP-0040,PRD-202,13240276,486701,88,1292625,73877
CAMP-0089,PRD-202,2651813,80523,79,1087541,48732
CAMP-0170,PRD-203,3098175,32980,8,98534,43046
CAMP-0074,PRD-203,4330736,90295,25,298298,29308
CAMP-0186,PRD-203,5992006,111164,25,296259,31593
CAMP-0185,PRD-203,7326039,230563,83,950236,44335
CAMP-0077,PRD-203,10092216,126337,97,913009,79137
CAMP-0195,PRD-203,9023193,305383,70,870519,55198
CAMP-0165,PRD-203,8239213,340024,36,333797,49376
CAMP-0043,PRD-203,7425622,83483,31,348339,44977
CAMP-0014,PRD-203,3329187,143040,17,166824,25464
CAMP-0193,PRD-203,10399133,327331,62,750942,61897
CAMP-0122,PRD-203,8698424,379676,95,1195164,68843
CAMP-0041,PRD-203,1348448,35801,98,1231861,12254
CAMP-0065,PRD-203,6351965,196142,13,139021,53236
CAMP-0200,PRD-203,5493719,67528,49,454755,47738
CAMP-0140,PRD-203,1983187,35919,51,521821,10861
CAMP-0021,PRD-204,3914355,118425,49,234776,55509
CAMP-0065,PRD-204,2706173,110990,12,47936,26196
CAMP-0151,PRD-205,4171292,178919,33,327068,42585
CAMP-0084,PRD-205,446434,18750,93,939620,5993
CAMP-0188,PRD-205,10194589,261739,87,751665,71160
CAMP-0017,PRD-205,3193253,119607,79,708764,52509
CAMP-0182,PRD-205,10665800,345871,48,500922,54849
CAMP-0140,PRD-205,4339629,174979,47,475465,28540
CAMP-0193,PRD-205,2625066,41106,66,601876,13802
CAMP-0137,PRD-205,557376,24986,25,239569,7760
CAMP-0153,PRD-205,6953699,100369,31,275649,40907
CAMP-0050,PRD-205,2526740,113171,76,765343,20043
CAMP-0083,PRD-205,3445105,101605,28,243519,18044
CAMP-0160,PRD-205,3582169,137179,47,393961,55668
CAMP-0110,PRD-206,5208513,253288,30,103797,67299
CAMP-0128,PRD-206,2691646,106323,77,218229,43791
CAMP-0103,PRD-206,6921622,322723,47,132890,50784
CAMP-0194,PRD-206,6527841,200378,29,98273,46986
CAMP-0007,PRD-206,2282007,67776,63,221378,28608
CAMP-0089,PRD-206,1920808,90494,74,203941,30696
CAMP-0083,PRD-207,1696451,20744,35,386733,30481
CAMP-0127,PRD-207,2958001,130916,99,1082822,36343
CAMP-0191,PRD-207,8356781,292567,14,145665,67651
CAMP-0081,PRD-207,4235602,54312,47,531689,27306
CAMP-0131,PRD-207,3771190,107272,51,576449,52397
CAMP-0034,PRD-207,11544994,298602,19,232452,77400
CAMP-0200,PRD-207,11106669,445068,28,263768,66750
CAMP-0054,PRD-207,5966897,235900,57,589908,36692
CAMP-0146,PRD-207,1002704,27949,5,53407,15069
CAMP-0082,PRD-207,2666056,49653,27,332445,26171
CAMP-0040,PRD-207,13481405,406293,20,183928,70211
CAMP-0075,PRD-207,12670818,317620,61,717899,64140
CAMP-0060,PRD-207,3593227,104265,14,152544,51342
CAMP-0059,PRD-207,4303791,56097,17,189538,25484
CAMP-0109,PRD-207,10753203,164910,44,448680,73098
CAMP-0072,PRD-208,776558,36490,56,429166,7054
CAMP-0154,PRD-208,7031153,81064,40,315209,65474
CAMP-0088,PRD-209,2197720,85084,50,856675,25947
CAMP-0056,PRD-209,13490401,511617,100,1480951,70965
CAMP-0125,PRD-209,3932918,153171,9,137667,20183
CAMP-0195,PRD-209,10474133,311726,36,611399,68156
CAMP-0065,PRD-209,3232754,41866,75,1208389,64487
CAMP-0026,PRD-209,5454764,82938,12,164652,29165
CAMP-0083,PRD-209,9168806,404209,34,488347,47152
CAMP-0151,PRD-209,2599322,96787,40,670859,29790
CAMP-0155,PRD-209,1924607,94266,99,1376498,24779
CAMP-0177,PRD-209,465544,21570,80,1130678,5604
CAMP-0122,PRD-210,8227094,186419,79,1124332,74773
CAMP-0142,PRD-210,1070597,30273,55,881120,14917
CAMP-0076,PRD-210,9376536,144502,58,833491,55698
CAMP-0086,PRD-210,4426515,154145,52,760117,51716
CAMP-0094,PRD-210,5739773,160420,54,826295,32404
CAMP-0001,PRD-210,9760867,173270,69,929146,62216
CAMP-0111,PRD-210,6004349,282255,79,1139929,49339
CAMP-0166,PRD-211,8363780,268099,23,270619,50749
CAMP-0010,PRD-211,5938875,148272,11,116760,52210
CAMP-0006,PRD-211,3709119,50373,26,339257,62094
CAMP-0194,PRD-211,2401486,77620,75,934289,32565
CAMP-0169,PRD-211,1393893,27411,39,449145,12406
CAMP-0114,PRD-211,2752706,57026,94,1003909,22171
CAMP-0009,PRD-211,5186274,64118,90,1030430,45203
CAMP-0113,PRD-211,1181901,55436,86,1094586,14327
CAMP-0126,PRD-211,698518,29198,14,158344,8716
CAMP-0031,PRD-211,699715,17395,52,579609,10178
CAMP-0197,PRD-211,9862647,467528,64,813914,71770
CAMP-0030,PRD-211,3948016,56781,58,743928,50800
CAMP-0111,PRD-212,2677419,102534,63,507601,43107
CAMP-0104,PRD-212,7005918,233951,31,254997,75204
CAMP-0172,PRD-212,12660542,570835,30,294912,76555
CAMP-0021,PRD-212,6407673,148601,23,210399,41407
CAMP-0091,PRD-212,2138311,60151,52,449833,18707
CAMP-0115,PRD-212,5979845,231371,6,47275,42996
CAMP-0146,PRD-212,2838853,89298,49,452894,27160
CAMP-0175,PRD-212,5115751,182795,59,550232,47082
CAMP-0094,PRD-212,4587719,108494,58,584352,45437
CAMP-0062,PRD-212,7032577,232035,52,550995,59697
CAMP-0171,PRD-212,1919640,60955,30,265322,14402
CAMP-0084,PRD-212,3818969,157593,76,629143,41975
CAMP-0001,PRD-212,2300795,114149,86,682141,22563
CAMP-0140,PRD-213,7137412,182375,93,586716,78129
CAMP-0070,PRD-213,5642489,217425,55,327462,65139
CAMP-0089,PRD-213,13441913,380606,8,41789,67222
CAMP-0080,PRD-213,5610652,75040,85,488721,74013
CAMP-0110,PRD-213,5009756,199017,55,295592,33334
CAMP-0177,PRD-213,9395690,163636,78,476413,76900
CAMP-0085,PRD-213,7043338,150656,47,330499,44767
CAMP-0060,PRD-213,1338371,40975,84,539501,18825
CAMP-0013,PRD-213,3392982,85509,86,466094,54524
CAMP-0138,PRD-213,8709995,313782,53,374522,53409
CAMP-0092,PRD-213,4466664,138357,84,480873,74753
CAMP-0037,PRD-213,3876943,47493,20,141166,69696
CAMP-0181,PRD-213,4447089,161706,24,142779,28977
CAMP-0149,PRD-213,3011732,119690,50,345247,48061
CAMP-0187,PRD-214,4965563,188431,21,377986,56507
CAMP-0126,PRD-214,7544222,352629,11,168048,68958
CAMP-0029,PRD-214,12896082,630359,55,766423,64854
CAMP-0087,PRD-214,2883447,81778,35,572288,33580
CAMP-0152,PRD-214,3001296,38844,98,1338409,56091
CAMP-0025,PRD-214,3117880,44826,20,317273,58629
CAMP-0052,PRD-214,5031564,139572,89,1584228,31376
CAMP-0108,PRD-214,4112658,60502,30,489682,48451
CAMP-0080,PRD-214,2950250,135555,50,767380,20817
CAMP-0062,PRD-214,2731269,129415,97,1698067,21484
CAMP-0114,PRD-214,12744483,527635,22,329490,71526
CAMP-0174,PRD-214,8200214,359032,74,1164963,75462
CAMP-0048,PRD-214,7275659,90977,54,793926,66322
CAMP-0178,PRD-215,10981333,449648,100,808923,56275
CAMP-0153,PRD-215,931221,19545,79,736967,6002
CAMP-0199,PRD-215,10720340,203378,93,946344,70605
CAMP-0086,PRD-216,2607000,59814,15,30879,27444
CAMP-0113,PRD-216,13797208,490672,97,207963,79736
CAMP-0166,PRD-216,2138422,57790,76,142905,19270
CAMP-0196,PRD-216,7704047,212118,6,11383,55261
CAMP-0104,PRD-216,1837955,46130,84,181417,35784
CAMP-0024,PRD-216,8390341,382981,61,97727,77411
CAMP-0169,PRD-216,13562326,446074,6,12678,72122
CAMP-0184,PRD-216,8230360,311987,59,122331,52950
CAMP-0190,PRD-216,3117757,137233,66,135478,31601
CAMP-0010,PRD-216,2506100,42957,16,26273,43550
CAMP-0100,PRD-216,1791321,87368,65,116475,11276
CAMP-0055,PRD-216,6401307,132751,89,179953,43525
CAMP-0003,PRD-216,5697141,184974,73,138956,73426
CAMP-0178,PRD-216,5946451,68465,75,131497,52312
CAMP-0019,PRD-217,1050376,47302,45,160706,6854
CAMP-0147,PRD-217,7306770,257460,98,435198,62796
CAMP-0118,PRD-217,5773285,78660,39,177414,29272
CAMP-0188,PRD-217,1923838,78453,69,231837,17347
CAMP-0091,PRD-217,1692410,74676,19,82634,8617
CAMP-0080,PRD-217,5152107,115321,69,237489,63415
CAMP-0152,PRD-217,1484168,29041,57,205804,25572
CAMP-0092,PRD-217,8457387,262358,57,203268,66298
CAMP-0042,PRD-217,9484252,102432,11,44523,49571
CAMP-0198,PRD-217,10504632,143598,88,402421,79343
CAMP-0180,PRD-217,7337940,150559,42,160004,65483
CAMP-0076,PRD-217,3764702,183185,69,271925,48409
CAMP-0038,PRD-217,13513843,587499,25,99957,78578
CAMP-0132,PRD-217,5651591,268783,29,103099,30172
CAMP-0115,PRD-218,4716985,83894,52,845398,50235
CAMP-0103,PRD-218,3543750,77363,23,400611,67066
CAMP-0007,PRD-218,5185429,65111,15,251578,54559
CAMP-0135,PRD-218,983685,31545,17,258624,8618
CAMP-0023,PRD-218,2554272,97973,46,667945,49077
CAMP-0128,PRD-218,13401110,143491,58,999054,70305
CAMP-0146,PRD-218,7531248,299559,65,1175654,50370
CAMP-0040,PRD-218,7877130,375516,95,1450930,45625
CAMP-0119,PRD-218,1908730,41747,48,767530,29714
CAMP-0089,PRD-218,10632002,120437,80,1254504,79395
CAMP-0010,PRD-219,2777540,98162,34,550015,39493
CAMP-0103,PRD-219,12952837,612727,7,97079,77852
CAMP-0158,PRD-219,6414333,260380,99,1379871,60038
CAMP-0064,PRD-219,8508086,234586,11,157942,65610
CAMP-0086,PRD-219,4151714,126715,81,1284079,26763
CAMP-0141,PRD-219,8371320,197018,65,896738,52203
CAMP-0042,PRD-219,9207412,337222,80,1122997,70517
CAMP-0009,PRD-219,1162840,30459,41,746129,14962
CAMP-0004,PRD-220,6902206,287872,22,377173,55440
CAMP-0029,PRD-220,2318674,82839,50,888480,17067
CAMP-0192,PRD-220,1077161,18347,81,1157932,19012
CAMP-0140,PRD-220,5022486,88431,36,666523,38258
CAMP-0181,PRD-220,6436189,179579,74,1318582,42391
CAMP-0099,PRD-220,3350943,78944,40,686765,50564
CAMP-0129,PRD-220,12357976,166674,5,93357,76318
CAMP-0111,PRD-220,3390168,167849,33,495315,18956
CAMP-0125,PRD-220,9496475,290492,74,1062530,51122
CAMP-0139,PRD-220,4065476,189467,93,1268402,63507
CAMP-0048,PRD-220,3022164,130595,22,325721,34237
CAMP-0198,PRD-220,7533825,277131,35,535480,59802
CAMP-0014,PRD-221,7630980,89826,24,416552,73951
CAMP-0006,PRD-221,10108242,473894,23,367053,50972
CAMP-0082,PRD-221,2290705,79027,73,1378517,24855
CAMP-0124,PRD-221,1108736,33562,38,686732,6890
CAMP-0043,PRD-221,7216232,202901,34,581101,38267
CAMP-0092,PRD-221,4651802,121458,73,1317490,56245
CAMP-0043,PRD-222,3411632,71948,40,776366,19813
CAMP-0088,PRD-222,5786098,219314,16,324355,52218
CAMP-0010,PRD-222,3042366,121552,32,618261,33579
CAMP-0015,PRD-222,9391684,192389,47,850756,54425
CAMP-0046,PRD-222,3091132,141873,50,1046487,37953
CAMP-0167,PRD-222,5584486,136680,41,727462,54882
CAMP-0037,PRD-222,10872902,338225,8,134812,75819
CAMP-0101,PRD-222,6768419,196212,53,947523,51373
CAMP-0122,PRD-222,1854797,26048,10,183098,34366
CAMP-0199,PRD-222,4675190,201004,59,1185022,76487
CAMP-0127,PRD-222,4589941,113373,88,1681850,24867
CAMP-0049,PRD-222,1945401,44907,31,578370,9763
CAMP-0048,PRD-222,1031657,24457,94,1629629,20099
CAMP-0107,PRD-223,8976993,430503,19,88109,66381
CAMP-0021,PRD-223,14082539,232517,48,226567,78522
CAMP-0002,PRD-223,4918254,73342,98,429183,73160
CAMP-0097,PRD-223,1201006,25018,42,194518,10273
CAMP-0183,PRD-223,5003312,241333,99,489408,50530
CAMP-0061,PRD-223,8773558,371981,95,460491,67908
CAMP-0088,PRD-223,9106781,277209,24,105124,62894
CAMP-0150,PRD-224,3446132,141952,76,364388,33938
CAMP-0089,PRD-224,1396510,46321,100,561617,8432
CAMP-0084,PRD-224,5232645,257667,6,28787,31587
CAMP-0193,PRD-224,6724305,197543,74,330887,34410
CAMP-0108,PRD-224,8338505,113598,38,183611,41849
CAMP-0137,PRD-224,993011,29024,31,174577,7913
CAMP-0039,PRD-224,1622063,80242,47,224529,29458
CAMP-0194,PRD-225,10075850,192281,24,419121,62366
CAMP-0097,PRD-225,4598400,52603,90,1357841,42923
CAMP-0121,PRD-225,2040434,39462,81,1160518,23113
CAMP-0056,PRD-225,5420822,81995,11,180372,65489
CAMP-0071,PRD-225,5385020,195377,41,662786,52812
CAMP-0091,PRD-225,9553454,336613,52,837257,56727
CAMP-0161,PRD-225,3704468,74861,15,281219,53319
CAMP-0026,PRD-225,587208,23605,18,264408,5600
CAMP-0187,PRD-225,2290647,106745,68,998528,34374
CAMP-0098,PRD-225,1027350,16290,62,1079735,7158
CAMP-0159,PRD-225,5015123,140407,6,103755,33373
CAMP-0163,PRD-226,2747039,117582,28,260606,43868
CAMP-0156,PRD-226,4213388,193330,36,381332,30654
CAMP-0191,PRD-226,8549325,347505,97,1160678,54009
CAMP-0158,PRD-226,668409,16226,46,574938,8231
CAMP-0161,PRD-226,1805694,77112,96,1072616,12838
CAMP-0109,PRD-226,9296532,365804,47,440713,58909
CAMP-0088,PRD-226,2898841,140782,78,911792,16308
CAMP-0151,PRD-226,5843692,231145,22,234814,71257
CAMP-0138,PRD-226,3131122,88707,54,620017,23412
CAMP-0128,PRD-226,4176049,126215,20,185297,26219
CAMP-0017,PRD-226,8774592,213028,39,457543,64189
CAMP-0141,PRD-227,4829896,130575,18,124549,48963
CAMP-0010,PRD-227,6337532,290149,6,36903,41748
CAMP-0132,PRD-227,1874834,21608,6,33168,25801
CAMP-0068,PRD-227,11635780,213043,23,148799,74671
CAMP-0074,PRD-227,11492484,149185,48,259393,67510
CAMP-0137,PRD-227,5428215,238333,33,178771,61301
CAMP-0081,PRD-227,2092191,55841,74,430174,33115
CAMP-0086,PRD-227,8295308,336846,37,245579,43627
CAMP-0200,PRD-227,5021975,118105,42,258132,29176
CAMP-0060,PRD-227,4313233,97884,7,50079,33655
CAMP-0130,PRD-227,4750701,186366,95,662943,26537
CAMP-0153,PRD-227,1243750,49775,69,393654,12619
CAMP-0037,PRD-227,7179718,96387,14,78962,36555
CAMP-0129,PRD-227,5376107,160246,39,268486,59591
CAMP-0035,PRD-227,4767901,95166,76,475624,47384
CAMP-0200,PRD-228,1603519,25875,47,651431,25505
CAMP-0054,PRD-228,13149526,179975,17,285735,67590
CAMP-0089,PRD-228,3080337,140516,53,859058,37317
CAMP-0163,PRD-228,11158710,186647,78,1048730,64325
CAMP-0011,PRD-228,7249299,178914,6,93533,52096
CAMP-0017,PRD-228,1310705,62012,41,571577,12183
CAMP-0134,PRD-228,4983930,143574,60,956822,26368
CAMP-0019,PRD-229,10492632,332083,94,1279524,66784
CAMP-0098,PRD-229,7393256,192487,32,404852,49343
CAMP-0197,PRD-229,8002123,337948,33,455335,62995
CAMP-0173,PRD-229,7995025,116975,24,278313,67441
CAMP-0075,PRD-229,1416314,65341,51,628845,21754
CAMP-0108,PRD-229,1494577,17620,97,1352705,17255
CAMP-0067,PRD-229,1142677,51424,54,637112,22752
CAMP-0157,PRD-229,2208246,59670,37,455482,31427
CAMP-0121,PRD-229,2776214,67262,76,1002993,24840
CAMP-0004,PRD-229,4963185,182968,65,679899,37617
CAMP-0112,PRD-229,1647946,44835,45,503893,18744
CAMP-0147,PRD-229,1292048,63036,85,943070,6500
CAMP-0025,PRD-229,536064,15174,89,1173189,9370
CAMP-0080,PRD-229,1893525,70177,51,669697,25729
CAMP-0055,PRD-229,6418566,291795,100,1316623,70579
CAMP-0085,PRD-230,4434266,97645,55,611624,32778
CAMP-0169,PRD-230,12994323,371632,74,832275,75243
CAMP-0036,PRD-230,2388655,50832,68,678837,39801
CAMP-0139,PRD-230,4960684,167384,49,615403,73784
CAMP-0182,PRD-230,3150829,92865,41,438330,21183
CAMP-0137,PRD-230,11476261,181208,73,809862,64498
CAMP-0030,PRD-230,8417584,101531,23,237277,54132
CAMP-0159,PRD-230,5335028,195099,86,1044528,43904
CAMP-0090,PRD-230,8388169,375921,99,1232444,58290
CAMP-0140,PRD-230,3041830,83711,94,905204,33240
CAMP-0103,PRD-230,6081583,270251,96,1139349,41116
CAMP-0145,PRD-230,3724431,168861,79,788655,22056
CAMP-0177,PRD-230,2559079,92731,39,493524,27842
CAMP-0079,PRD-230,5236816,67282,99,1266344,31987
CAMP-0183,PRD-230,11008277,269199,65,813424,69042
CAMP-0194,PRD-231,391459,4599,64,565237,7763
CAMP-0031,PRD-231,6525707,283511,100,977681,53522
CAMP-0073,PRD-231,3325773,54342,73,541555,52722
CAMP-0098,PRD-231,1798869,53244,71,714600,33448
CAMP-0168,PRD-231,1840660,61172,58,576074,19281
CAMP-0058,PRD-231,3578303,150363,33,245967,52017
CAMP-0100,PRD-231,3937007,89399,38,335151,28656
CAMP-0005,PRD-231,3636367,64343,69,644976,22189
CAMP-0103,PRD-231,9899451,358033,36,298913,66586
CAMP-0026,PRD-231,3706485,46696,79,614887,36209
CAMP-0174,PRD-232,1882843,31615,42,161840,29997
CAMP-0142,PRD-232,3101506,126137,48,187311,26797
CAMP-0059,PRD-232,4255234,78762,57,194972,34579
CAMP-0112,PRD-232,7032769,317852,33,98430,55020
CAMP-0021,PRD-233,715855,31927,19,227999,5803
CAMP-0087,PRD-233,3434511,50429,79,863835,17443
CAMP-0192,PRD-233,3035254,53511,76,978130,17140
CAMP-0067,PRD-233,6096838,64307,65,925300,37491
CAMP-0164,PRD-233,5776658,61090,96,1095061,70764
CAMP-0092,PRD-233,5592123,254976,5,72858,53320
CAMP-0151,PRD-233,2831951,39912,28,313401,53202
CAMP-0012,PRD-234,9500496,337070,96,256540,50697
CAMP-0186,PRD-234,2896809,126465,59,175368,40278
CAMP-0092,PRD-234,1740212,35240,31,100914,28332
CAMP-0099,PRD-234,8048217,186974,97,298873,60391
CAMP-0063,PRD-234,3247396,35496,67,197114,47989
CAMP-0185,PRD-234,5541778,164352,53,159636,27954
CAMP-0016,PRD-234,3295202,157037,65,201965,47595
CAMP-0095,PRD-234,5594648,94221,49,148120,42958
CAMP-0124,PRD-234,11840826,569224,98,342118,77752
CAMP-0158,PRD-234,2017259,36152,63,192951,11093
CAMP-0007,PRD-235,7056325,193486,60,90027,63372
CAMP-0066,PRD-235,10147515,284149,64,86315,65361
CAMP-0106,PRD-235,11181021,260201,32,40487,75126
CAMP-0087,PRD-236,13960200,280237,49,424899,71400
CAMP-0105,PRD-236,4587576,77562,98,858272,55259
CAMP-0139,PRD-236,4874022,229213,70,688579,30301
CAMP-0074,PRD-236,3582612,146992,66,680360,18597
CAMP-0014,PRD-236,13139162,322880,59,638671,73100
CAMP-0082,PRD-236,4446648,98717,83,844728,72048
CAMP-0183,PRD-236,1654688,35797,81,822286,31063
CAMP-0182,PRD-236,3489522,85921,70,596473,27480
CAMP-0171,PRD-236,2034280,34183,26,229074,25136
CAMP-0025,PRD-236,2959981,79580,88,768383,19601
CAMP-0055,PRD-236,4057909,191782,10,108542,45928
CAMP-0107,PRD-236,9285167,359625,33,352978,59403
CAMP-0186,PRD-237,5776464,100423,48,233291,29297
CAMP-0146,PRD-237,3942011,192971,38,168993,37370
CAMP-0181,PRD-237,3767806,186411,12,47491,20949
CAMP-0077,PRD-237,1409014,44799,65,255733,9251
CAMP-0125,PRD-237,3368767,152807,69,326591,61155
CAMP-0075,PRD-237,10610685,317197,40,193283,74659
CAMP-0176,PRD-237,4013979,143576,18,85596,65308
CAMP-0129,PRD-237,2655118,53012,45,178625,42948
CAMP-0114,PRD-237,848180,22154,19,76380,8073
CAMP-0096,PRD-237,1302491,43572,98,403575,22995
CAMP-0137,PRD-237,2787865,92297,38,177906,16451
CAMP-0021,PRD-237,6516570,234455,59,225535,69624
CAMP-0197,PRD-237,3509270,131193,79,318371,66369
CAMP-0136,PRD-238,2268928,50293,39,232966,15540
CAMP-0022,PRD-238,2044767,41285,75,501544,22515
CAMP-0083,PRD-238,6323703,200756,13,77700,47804
CAMP-0019,PRD-238,1802857,65848,42,288713,9402
CAMP-0175,PRD-238,6900968,287134,86,451633,57810
CAMP-0157,PRD-238,2554009,122049,47,297428,49419
CAMP-0189,PRD-238,7347597,87675,16,89494,78916
CAMP-0009,PRD-238,1014251,25480,66,428158,18193
CAMP-0076,PRD-238,1798487,19218,92,593496,11447
CAMP-0129,PRD-238,945584,29546,10,64190,13874
CAMP-0033,PRD-239,10317065,510913,84,1002391,79689
CAMP-0081,PRD-239,6659842,275911,49,701361,48999
CAMP-0120,PRD-239,12389708,463648,37,516336,64265
CAMP-0162,PRD-239,555858,22090,71,1075194,10434
CAMP-0177,PRD-239,4316058,166477,72,871071,35528
CAMP-0016,PRD-239,2373492,40363,26,313189,40891
CAMP-0068,PRD-239,3800289,143594,66,969575,24107
CAMP-0090,PRD-239,3076343,42285,12,173506,34792
CAMP-0141,PRD-240,7169825,102546,16,8674,65479
CAMP-0128,PRD-240,3702331,175052,65,29102,43780
CAMP-0065,PRD-240,3526667,36358,72,37651,18984
CAMP-0200,PRD-240,4575741,133256,92,43457,30237
CAMP-0150,PRD-240,2779691,61891,69,35094,18754
CAMP-0172,PRD-240,9667604,423545,50,22878,59582
CAMP-0042,PRD-240,5598491,205943,22,12320,58854
CAMP-0081,PRD-240,8752530,158077,20,9124,57422
CAMP-0029,PRD-240,2551785,107730,5,2823,15079
CAMP-0078,PRD-240,5936572,180622,56,25497,40687
CAMP-0195,PRD-240,11941311,209453,37,17755,60820
CAMP-0032,PRD-240,4857492,204018,95,48297,43913
CAMP-0111,PRD-240,6996474,255363,53,30321,51527
CAMP-0181,PRD-241,3183214,48487,34,302640,27774
CAMP-0191,PRD-241,2606018,26899,100,860887,40626
CAMP-0184,PRD-241,10959989,157663,91,756669,62041
CAMP-0119,PRD-241,9753194,199393,76,624537,57161
CAMP-0060,PRD-241,1457085,45557,54,472540,14808
CAMP-0096,PRD-241,11025411,222741,89,851129,57230
CAMP-0006,PRD-241,6986630,339055,7,58352,63284
CAMP-0159,PRD-241,2025938,84585,6,48362,33501
CAMP-0099,PRD-241,6535631,263258,78,712761,65645
CAMP-0162,PRD-241,3135761,60891,8,57579,36998
CAMP-0088,PRD-241,5179689,116086,99,735867,39149
CAMP-0013,PRD-241,2489622,65737,30,227146,22869
CAMP-0145,PRD-241,7213850,232576,39,284439,47113
CAMP-0003,PRD-241,8342687,317646,34,246463,65242
CAMP-0015,PRD-241,6267330,265298,37,323545,48573
CAMP-0085,PRD-242,6605269,328385,90,877788,43683
CAMP-0097,PRD-242,1790772,72102,10,109452,19119
CAMP-0128,PRD-242,4616477,190386,100,985385,45438
CAMP-0082,PRD-243,4840675,82172,84,448896,51762
CAMP-0028,PRD-243,5685314,142862,76,417586,65532
CAMP-0168,PRD-243,3619938,126834,54,308715,24903
CAMP-0140,PRD-243,6726812,219239,37,180574,55967
CAMP-0141,PRD-243,838839,12156,20,90729,11717
CAMP-0175,PRD-243,4614384,88496,13,59224,72326
CAMP-0193,PRD-243,10265249,367595,63,328152,69591
CAMP-0077,PRD-243,2915002,67266,79,382158,44862
CAMP-0077,PRD-244,4024353,119326,92,837021,51750
CAMP-0082,PRD-244,5184319,95107,27,194230,70764
CAMP-0023,PRD-244,6918959,207364,27,206372,35298
CAMP-0157,PRD-244,645259,27775,6,44419,6696
CAMP-0112,PRD-245,2533213,76175,100,328664,21048
CAMP-0081,PRD-245,1063132,20400,43,180187,18428
CAMP-0154,PRD-245,7005997,248564,66,241362,40577
CAMP-0013,PRD-245,6099960,218768,52,217977,30641
CAMP-0131,PRD-245,8463466,210730,72,274819,79618
CAMP-0177,PRD-245,3607203,93692,34,120296,22383
CAMP-0012,PRD-245,7378448,191992,80,327015,53889
CAMP-0067,PRD-245,1546400,25774,89,329859,7998
CAMP-0105,PRD-245,2133515,69786,64,237015,25894
CAMP-0058,PRD-245,9562416,112465,16,68264,61267
CAMP-0100,PRD-245,5153548,188554,78,316150,27326
CAMP-0043,PRD-246,10620958,361728,66,1060215,57736
CAMP-0109,PRD-246,1943707,70237,86,1142780,32267
CAMP-0148,PRD-246,3551010,48606,16,210669,55606
CAMP-0137,PRD-246,3656201,141154,57,737018,36008
CAMP-0155,PRD-246,7762544,199215,67,1034303,54522
CAMP-0058,PRD-246,1891582,35577,38,537309,37029
CAMP-0046,PRD-246,7855897,149583,37,514988,61590
CAMP-0053,PRD-246,3102728,31162,71,876204,19764
CAMP-0030,PRD-246,3907313,58184,46,602935,20201
CAMP-0034,PRD-246,1048342,49001,12,143662,14911
CAMP-0031,PRD-246,8868725,413274,53,768807,66948
CAMP-0083,PRD-246,9153487,116681,33,393253,56037
CAMP-0173,PRD-246,5189556,236150,99,1481357,33286
CAMP-0032,PRD-246,5544441,276246,97,1310992,65491
CAMP-0075,PRD-246,15292710,461768,43,549413,76874
CAMP-0168,PRD-247,5926493,267517,10,46495,64622
CAMP-0035,PRD-247,5979010,212248,56,214633,51377
CAMP-0176,PRD-247,1050954,51457,13,62549,12597
CAMP-0036,PRD-247,7559309,126390,19,81704,50200
CAMP-0069,PRD-247,1126594,30812,36,163455,8654
CAMP-0178,PRD-248,1500028,52453,99,732437,8222
CAMP-0090,PRD-248,3897056,115556,57,398002,23564
CAMP-0099,PRD-249,5395786,269649,20,48516,45859
CAMP-0046,PRD-249,12213700,579625,7,16969,66930
CAMP-0135,PRD-249,3814635,87267,45,123926,27662
CAMP-0172,PRD-249,2172941,26839,28,57907,16572
CAMP-0060,PRD-249,8671580,193277,51,109835,77702
CAMP-0153,PRD-249,3048645,68427,57,124788,39724
CAMP-0051,PRD-249,2177236,62091,12,33522,40756
CAMP-0191,PRD-249,1920238,62215,77,180002,15141
CAMP-0055,PRD-249,14966975,185554,11,30171,77985
CAMP-0006,PRD-249,1261944,23321,63,164966,7495
CAMP-0032,PRD-250,1033106,25739,81,984036,17985
CAMP-0151,PRD-250,5869955,233636,27,345607,37558
CAMP-0041,PRD-250,5017143,246859,77,1003702,72551
CAMP-0161,PRD-250,2354266,46264,73,921032,23825
CAMP-0088,PRD-250,8299301,243381,40,493159,42565
CAMP-0142,PRD-250,6562396,260427,89,1001997,53809
CAMP-0173,PRD-250,2165824,103098,12,148129,17788
CAMP-0020,PRD-251,1838997,43205,99,475123,26826
CAMP-0056,PRD-251,1234042,40689,59,261512,13189
CAMP-0163,PRD-251,6431011,71422,27,112422,43702
CAMP-0151,PRD-251,2400590,72758,12,60702,36431
CAMP-0053,PRD-251,7270193,244702,23,99916,53401
CAMP-0033,PRD-251,5302808,148295,15,57743,55450
CAMP-0040,PRD-251,7766059,279007,70,341052,44306
CAMP-0082,PRD-251,7614162,321028,61,269490,76250
CAMP-0025,PRD-251,6907999,301266,62,287953,69709
CAMP-0086,PRD-251,6754660,243962,96,364235,51843
CAMP-0160,PRD-251,5888428,265136,94,465152,64882
CAMP-0112,PRD-252,2597374,101943,65,28110,46118
CAMP-0185,PRD-252,11115069,300933,18,7271,57318
CAMP-0041,PRD-252,5597537,224090,42,17555,46193
CAMP-0158,PRD-252,5176873,254038,70,31412,56656
CAMP-0108,PRD-252,3482768,89097,20,6638,44562
CAMP-0195,PRD-253,7998318,231426,52,778056,53680
CAMP-0067,PRD-253,6846225,192303,17,245082,47628
CAMP-0105,PRD-253,7855562,342620,5,77174,68745
CAMP-0134,PRD-253,1904882,88504,37,573286,19438
CAMP-0012,PRD-253,2774641,29497,7,96031,42111
CAMP-0121,PRD-253,4707962,93656,23,335964,29852
CAMP-0165,PRD-254,1294161,40132,51,42066,16997
CAMP-0083,PRD-254,4903127,210135,91,59429,51691
CAMP-0017,PRD-254,10018291,247342,90,71295,76591
CAMP-0048,PRD-254,7661183,128204,41,33579,47208
CAMP-0015,PRD-254,1534589,33207,81,55343,16992
CAMP-0051,PRD-255,1685499,25057,82,150987,12754
CAMP-0187,PRD-255,6755215,93834,15,22742,79472
CAMP-0115,PRD-255,9879880,380938,26,39189,67784
CAMP-0175,PRD-255,11831149,193620,96,167336,65809
CAMP-0155,PRD-255,2118758,98510,64,113029,36307
CAMP-0161,PRD-255,1200658,19185,15,25488,16841
CAMP-0026,PRD-255,3716341,144136,58,92304,20331
CAMP-0014,PRD-255,4555657,73049,11,16944,25174
CAMP-0141,PRD-256,6442370,309838,17,141828,62155
CAMP-0097,PRD-256,8460954,415354,75,526343,50735
CAMP-0029,PRD-256,5572159,91496,76,549200,58317
CAMP-0040,PRD-256,944911,44418,9,63341,6525
CAMP-0059,PRD-257,4015467,179358,19,301704,25169
CAMP-0091,PRD-257,1875623,68377,18,253920,31723
CAMP-0124,PRD-257,3576904,147607,94,1710366,58744
CAMP-0005,PRD-257,12190022,245610,64,1105772,79343
CAMP-0195,PRD-257,5684069,247477,90,1262133,29926
CAMP-0168,PRD-258,4575305,178161,86,1391593,56925
CAMP-0071,PRD-258,2366369,111361,42,701378,29673
CAMP-0025,PRD-258,1468560,47712,21,420600,13157
CAMP-0048,PRD-259,5165576,81008,82,428506,28982
CAMP-0091,PRD-259,5182869,80354,73,322609,77967
CAMP-0085,PRD-259,13306201,263741,54,275261,70906
CAMP-0081,PRD-259,7849888,201379,67,301028,71771
CAMP-0179,PRD-259,5369754,200970,8,42451,60011
CAMP-0111,PRD-259,4562792,220215,84,466196,29124
CAMP-0170,PRD-259,13054285,297323,60,270230,74783
CAMP-0112,PRD-259,4064689,164229,36,154631,20583
CAMP-0125,PRD-259,6844268,216798,55,240062,65437
CAMP-0062,PRD-259,4857339,170435,86,458748,52528
CAMP-0162,PRD-259,2670239,107111,80,369388,20083
CAMP-0070,PRD-259,5475366,138597,46,257862,39571
CAMP-0128,PRD-259,2184197,85791,83,374535,12692
CAMP-0003,PRD-259,5292131,121385,76,371182,68749
CAMP-0077,PRD-260,2679823,94503,98,1422946,41010
CAMP-0187,PRD-260,1384759,43215,36,547916,22656
CAMP-0010,PRD-260,4236616,160437,51,685493,36694
CAMP-0086,PRD-260,2745919,67165,61,969542,19883
CAMP-0015,PRD-260,3372658,100071,36,475793,53958
CAMP-0019,PRD-260,7605565,150606,68,965499,71323
CAMP-0034,PRD-260,7975247,240991,87,1465283,70581
CAMP-0009,PRD-261,3317866,106320,44,473720,25123
CAMP-0050,PRD-261,4754133,112038,5,50973,72988
CAMP-0030,PRD-261,1967398,27644,17,183972,25479
CAMP-0049,PRD-261,6056582,287128,44,441605,48969
CAMP-0184,PRD-261,6673732,92742,35,340949,74424
CAMP-0190,PRD-262,4482022,200584,73,94223,36408
CAMP-0079,PRD-262,4696099,117007,42,62678,52401
CAMP-0179,PRD-262,10137189,112947,77,124694,59265
CAMP-0158,PRD-262,11547379,517998,93,137748,61779
CAMP-0073,PRD-262,6859724,302808,43,63828,54385
CAMP-0133,PRD-262,9048432,270897,86,138813,45859
CAMP-0186,PRD-262,11238422,158033,73,114599,79563
CAMP-0121,PRD-262,700967,30811,83,144963,8799
CAMP-0120,PRD-262,8420439,344917,75,129810,78266
CAMP-0135,PRD-262,2380467,111326,13,19126,22853
CAMP-0113,PRD-262,3500807,47916,5,6843,20279
CAMP-0152,PRD-262,7990467,230413,8,12236,78123
CAMP-0143,PRD-262,1925391,47154,32,54702,26545
CAMP-0181,PRD-263,2389412,67357,32,305561,16026
CAMP-0090,PRD-263,3148554,149958,59,566762,44848
CAMP-0100,PRD-263,7343178,178824,78,812906,66645
CAMP-0044,PRD-263,8327431,224727,6,59319,62251
CAMP-0070,PRD-263,4165127,112050,97,1082727,40627
CAMP-0052,PRD-263,8773890,290142,10,91995,49916
CAMP-0057,PRD-263,1929885,96153,42,461768,29797
CAMP-0015,PRD-263,4673413,117610,21,193333,68785
CAMP-0027,PRD-263,13802875,294741,60,629428,74874
CAMP-0184,PRD-263,7069608,281040,6,57729,49872
CAMP-0095,PRD-264,1300594,42528,61,409907,15922
CAMP-0026,PRD-264,3866669,108624,89,602616,22789
CAMP-0158,PRD-264,2816932,97086,57,490467,14104
CAMP-0009,PRD-264,3974687,44064,38,293365,22130
CAMP-0082,PRD-264,6764096,298098,23,172070,38227
CAMP-0036,PRD-264,8545732,425148,38,256972,57050
CAMP-0052,PRD-264,1564269,68262,22,150330,23064
CAMP-0161,PRD-264,8487155,345229,89,648454,61981
CAMP-0029,PRD-264,4868624,146428,26,199532,43356
CAMP-0134,PRD-264,1834738,22791,10,87483,28667
CAMP-0154,PRD-264,7354515,121597,19,150911,78697
CAMP-0048,PRD-264,4889995,243140,87,597444,41486
CAMP-0118,PRD-265,11930140,205685,24,251132,72049
CAMP-0043,PRD-265,4027972,156059,49,600055,31377
CAMP-0039,PRD-265,12961403,380250,50,495328,75388
CAMP-0161,PRD-265,2021494,35249,37,458484,23410
CAMP-0135,PRD-265,9305616,283958,24,313556,76345
CAMP-0171,PRD-265,7618169,161654,87,1147700,62231
CAMP-0085,PRD-265,5386075,233983,24,256901,71471
CAMP-0063,PRD-265,11822329,467217,68,663338,65015
CAMP-0070,PRD-265,5348254,238454,83,825672,29607
CAMP-0084,PRD-265,7580403,199893,28,348624,68207
CAMP-0094,PRD-266,4382381,177885,47,277893,57158
CAMP-0118,PRD-266,4610914,136498,81,562783,43425
CAMP-0123,PRD-266,4038115,111778,43,264451,44218
CAMP-0033,PRD-266,647924,14600,36,246484,7069
CAMP-0063,PRD-267,7379050,202595,29,487649,42154
CAMP-0115,PRD-267,10469468,496790,71,1233790,67133
CAMP-0091,PRD-267,7717172,286419,67,1098126,60984
CAMP-0078,PRD-267,2801167,92353,30,525456,47754
CAMP-0121,PRD-267,1111622,34361,57,1031044,7942
CAMP-0160,PRD-267,2888815,48781,24,380345,53957
CAMP-0096,PRD-267,3829001,150668,75,1531362,39014
CAMP-0011,PRD-267,4882245,96704,97,1664228,30068
CAMP-0037,PRD-267,9238731,347574,17,298448,75193
CAMP-0020,PRD-267,4279947,95666,55,877556,58797
CAMP-0149,PRD-267,2959034,93755,97,1526261,26782
CAMP-0012,PRD-267,7440614,356412,34,630250,46531
CAMP-0179,PRD-267,2199521,90856,15,251468,36392
CAMP-0129,PRD-268,8386548,115907,86,659477,66943
CAMP-0151,PRD-268,7075985,163664,40,293162,38783
CAMP-0156,PRD-268,10166185,152235,68,508332,62912
CAMP-0169,PRD-269,3626048,159446,56,292336,40963
CAMP-0116,PRD-269,3432045,43443,97,578850,36374
CAMP-0050,PRD-269,5184158,246341,5,28671,30165
CAMP-0126,PRD-269,12899174,134415,40,199063,75850
CAMP-0054,PRD-270,3743162,103730,81,96189,55438
CAMP-0040,PRD-270,6122510,109340,81,93304,32524
CAMP-0032,PRD-270,11081928,354851,44,58382,78725
CAMP-0076,PRD-270,7967693,175333,51,69453,51640
CAMP-0141,PRD-270,1094760,44818,91,138106,18895
CAMP-0075,PRD-270,5341094,242752,11,14670,32030
CAMP-0172,PRD-271,1420472,40659,94,224574,12275
CAMP-0183,PRD-271,15322749,264948,42,113637,79731
CAMP-0059,PRD-271,4769637,169067,14,37358,42977
CAMP-0165,PRD-271,1796187,30889,73,159591,22057
CAMP-0143,PRD-271,1255171,15218,87,202842,18638
CAMP-0091,PRD-271,2916025,122567,21,54864,27386
CAMP-0012,PRD-271,7570192,141462,52,137261,39071
CAMP-0144,PRD-271,3452382,159710,48,97902,42070
CAMP-0140,PRD-271,6746442,221340,67,163919,52216
CAMP-0075,PRD-271,5191349,87167,39,92059,70616
CAMP-0054,PRD-271,3954064,179758,23,46583,63201
CAMP-0006,PRD-271,6754071,129056,61,159150,35766
CAMP-0158,PRD-271,1626370,40648,88,206621,13717
CAMP-0026,PRD-271,4986837,116592,49,129814,33327
CAMP-0149,PRD-272,4413443,105704,15,219116,29318
CAMP-0191,PRD-272,2874950,29225,42,814672,53199
CAMP-0092,PRD-272,6663236,163219,46,755184,47283
CAMP-0018,PRD-272,12174322,521557,14,215898,68251
CAMP-0152,PRD-272,2683215,130777,57,1081338,19702
CAMP-0143,PRD-272,12276118,379837,62,917579,67733
CAMP-0091,PRD-272,3918401,142456,51,951690,20264
CAMP-0077,PRD-272,3218444,133544,6,102629,34033
CAMP-0073,PRD-272,5505326,186437,8,154540,38423
CAMP-0133,PRD-272,4234804,149255,27,489760,66413
CAMP-0200,PRD-272,11658613,288849,42,687169,62917
CAMP-0037,PRD-272,2893683,31896,54,830916,26803
CAMP-0146,PRD-272,14368748,150585,71,1196845,75246
CAMP-0170,PRD-272,5634075,215544,20,367661,42916
CAMP-0088,PRD-273,3761412,38565,65,1098017,34870
CAMP-0037,PRD-273,4378948,192653,8,117136,64391
CAMP-0027,PRD-274,12445912,363484,30,194986,63224
CAMP-0076,PRD-274,3776145,158333,42,264296,38221
CAMP-0170,PRD-274,3314978,138422,79,555677,17351
CAMP-0135,PRD-274,1882936,34163,59,343302,9420
CAMP-0165,PRD-274,1013047,45234,6,43369,6892
CAMP-0160,PRD-274,3161525,94102,86,527618,39618
CAMP-0146,PRD-275,9423421,178261,8,154351,67006
CAMP-0085,PRD-275,1129448,32443,56,1069897,17796
CAMP-0131,PRD-275,9221299,304845,16,255010,57950
CAMP-0018,PRD-275,3234402,64048,51,928117,48808
CAMP-0015,PRD-275,817190,14043,30,510651,13674
CAMP-0179,PRD-275,10901717,538424,44,670171,54535
CAMP-0194,PRD-275,3976601,74607,87,1574792,60069
CAMP-0101,PRD-275,3581978,111383,68,1382209,19214
CAMP-0010,PRD-275,6050007,262464,24,379845,62591
CAMP-0021,PRD-275,1371779,13998,37,740031,8223
CAMP-0166,PRD-275,3964804,65653,18,292480,77760
CAMP-0065,PRD-275,11108250,547726,22,408517,66622
CAMP-0030,PRD-275,6211083,171474,77,1217506,77580
CAMP-0167,PRD-276,3522105,120465,21,71014,68063
CAMP-0075,PRD-276,9821139,376324,15,47535,64273
CAMP-0101,PRD-276,4875550,183734,92,304958,62588
CAMP-0125,PRD-276,3531251,150805,6,16968,39424
CAMP-0103,PRD-276,6469988,263650,35,111348,57651
CAMP-0129,PRD-276,3771245,49394,17,58822,62820
CAMP-0179,PRD-276,3158786,90535,30,81879,30558
CAMP-0060,PRD-276,2978388,79016,65,181259,41667
CAMP-0180,PRD-276,6201543,169907,43,127770,70622
CAMP-0092,PRD-276,1279503,15965,14,39975,10932
CAMP-0099,PRD-277,5011813,165097,46,471839,51902
CAMP-0131,PRD-277,8455015,118602,39,409232,65435
CAMP-0093,PRD-277,4842418,101469,56,640170,28591
CAMP-0185,PRD-277,4144051,136283,21,242968,33735
CAMP-0104,PRD-277,1878899,29412,86,894935,22827
CAMP-0184,PRD-277,1125228,39615,63,752393,13426
CAMP-0150,PRD-277,890889,12562,71,658353,6426
CAMP-0119,PRD-277,10828259,367149,22,235608,64912
CAMP-0191,PRD-277,4473805,150673,76,909144,28267
CAMP-0132,PRD-277,921392,25070,76,860241,7637
CAMP-0084,PRD-277,8407558,154963,92,892428,59866
CAMP-0097,PRD-277,7529273,364954,86,789658,73361
CAMP-0129,PRD-277,7742072,334059,54,630700,67054
CAMP-0024,PRD-277,12609817,237425,82,897180,75053
CAMP-0171,PRD-278,10932851,439199,54,493945,66440
CAMP-0010,PRD-278,4511283,49212,87,671750,55735
CAMP-0199,PRD-278,6160274,67576,96,935313,71442
CAMP-0112,PRD-278,1863538,69958,60,449395,24030
CAMP-0047,PRD-278,8138477,212006,72,714136,61791
CAMP-0125,PRD-278,5595652,85650,82,673621,48996
CAMP-0078,PRD-278,3577236,78459,95,704078,22958
CAMP-0068,PRD-278,4341068,101367,37,356539,29006
CAMP-0166,PRD-278,4073094,57109,65,631486,71212
CAMP-0156,PRD-278,953938,22921,97,725634,5765
CAMP-0182,PRD-278,3175093,77981,15,121444,61707
CAMP-0115,PRD-278,6007607,148926,10,83583,63686
CAMP-0072,PRD-278,10215317,253920,30,222240,52812
CAMP-0142,PRD-278,2899514,72951,21,178495,22823
CAMP-0130,PRD-279,2344301,49991,93,70437,13804
CAMP-0137,PRD-279,1917580,59588,97,66290,30420
CAMP-0100,PRD-279,1945935,83209,74,63780,23924
CAMP-0197,PRD-279,12445914,235015,71,62656,66950
CAMP-0111,PRD-279,6301395,277744,40,32495,51123
CAMP-0104,PRD-279,2332488,54969,68,56907,16426
CAMP-0073,PRD-279,8205184,175166,36,23412,76778
CAMP-0121,PRD-279,2397462,67213,9,5866,15258
CAMP-0048,PRD-279,4527759,90309,33,27767,66797
CAMP-0119,PRD-279,494133,17209,42,35382,9838
CAMP-0192,PRD-280,2978911,109799,73,496269,20433
CAMP-0185,PRD-280,3352252,149074,50,429054,65665
CAMP-0058,PRD-280,9371138,179621,64,476278,61240
CAMP-0179,PRD-280,10001352,118432,41,305540,78415
CAMP-0024,PRD-281,7266152,222546,29,410667,77759
CAMP-0176,PRD-281,3242773,47417,59,863297,25132
CAMP-0179,PRD-281,9200565,108216,66,950587,73512
CAMP-0192,PRD-281,3165985,114999,12,220149,62050
CAMP-0016,PRD-281,11484324,388807,19,261339,58584
CAMP-0109,PRD-281,9032067,167652,37,624656,71909
CAMP-0158,PRD-281,763891,32594,9,159825,8613
CAMP-0168,PRD-281,3872214,120851,5,86638,56453
CAMP-0129,PRD-281,9945315,365825,39,542312,52709
CAMP-0055,PRD-282,7486384,98019,27,538118,44627
CAMP-0025,PRD-282,1333040,24112,53,950598,10813
CAMP-0006,PRD-282,10784880,291033,81,1438883,59012
CAMP-0151,PRD-282,778786,18626,58,1186652,8395
CAMP-0088,PRD-282,14237069,369397,21,393407,74127
CAMP-0123,PRD-282,10604384,285067,84,1760446,57578
CAMP-0053,PRD-282,2462231,101324,65,1235230,17839
CAMP-0048,PRD-282,3862688,43701,9,145094,49243
CAMP-0185,PRD-282,7248414,316935,6,112280,42873
CAMP-0124,PRD-282,3360561,145444,35,656210,65493
CAMP-0133,PRD-282,6324933,169414,72,1540949,38513
CAMP-0104,PRD-282,2626548,26371,48,969023,45358
CAMP-0067,PRD-283,5409375,195195,88,1443996,68893
CAMP-0159,PRD-283,1862887,63130,91,1517555,24902
CAMP-0010,PRD-283,8285395,386475,41,750215,73412
CAMP-0076,PRD-283,4526511,75845,6,109815,44114
CAMP-0102,PRD-283,3318781,69664,26,492772,22539
CAMP-0064,PRD-283,2674634,115967,73,1388018,16890
CAMP-0037,PRD-283,13971662,163382,73,1338177,70919
CAMP-0061,PRD-283,3407672,77521,84,1580899,23092
CAMP-0183,PRD-283,962722,42542,71,1355885,5960
CAMP-0167,PRD-283,2194730,26562,56,1095658,38390
CAMP-0149,PRD-283,3543942,80973,17,290122,21107
CAMP-0097,PRD-283,8768569,329293,31,535233,44007
CAMP-0095,PRD-283,10533482,120910,77,1543359,73267
CAMP-0122,PRD-283,5757397,141354,29,516231,44374
CAMP-0128,PRD-283,5880192,116741,97,1500732,35724
CAMP-0192,PRD-284,2882467,55719,43,109639,55698
CAMP-0015,PRD-284,1876108,29420,15,43099,30872
CAMP-0042,PRD-284,2265359,83426,31,92265,33728
CAMP-0112,PRD-284,2013716,77309,7,19362,31584
CAMP-0196,PRD-284,5119776,140957,33,80333,35834
CAMP-0168,PRD-284,7207965,267726,38,98605,56468
CAMP-0088,PRD-284,15637636,200905,17,40482,79829
CAMP-0180,PRD-284,7242349,167122,74,183016,75799
CAMP-0123,PRD-284,5724229,128253,40,95012,66195
CAMP-0142,PRD-285,1682652,25600,77,268495,20864
CAMP-0187,PRD-285,12639927,418147,85,235305,63781
CAMP-0049,PRD-285,9484794,320614,35,102842,76111
CAMP-0017,PRD-285,8738998,262802,26,85652,79307
CAMP-0027,PRD-285,1823690,45991,91,279633,20020
CAMP-0030,PRD-285,4635900,165508,43,149249,65579
CAMP-0001,PRD-285,10228695,246373,96,269548,55524
CAMP-0170,PRD-285,1603098,58318,88,264522,9620
CAMP-0055,PRD-285,1601819,35248,71,209345,14278
CAMP-0063,PRD-286,2135669,98584,72,1188097,13637
CAMP-0067,PRD-286,7787203,315383,80,1289267,71449
CAMP-0066,PRD-286,2193573,40608,57,1155436,15716
CAMP-0037,PRD-286,5735826,224660,99,2008537,65715
CAMP-0081,PRD-286,5325437,117985,45,868838,49747
CAMP-0165,PRD-286,10228291,228593,94,1573725,69406
CAMP-0053,PRD-286,3686948,149099,53,1000504,33335
CAMP-0060,PRD-286,1587147,19998,69,1387956,8149
CAMP-0029,PRD-286,3473452,106733,77,1379288,61229
CAMP-0089,PRD-286,2121639,37014,64,1193807,14709
CAMP-0018,PRD-286,9002128,315250,70,1254757,46736
CAMP-0068,PRD-286,721974,16326,100,1692146,8895
CAMP-0150,PRD-286,11835562,299107,100,1599458,77657
CAMP-0128,PRD-286,7022068,284418,98,1790709,60728
CAMP-0101,PRD-287,3850891,157244,31,430599,54927
CAMP-0171,PRD-287,10899221,205834,6,84147,67004
CAMP-0102,PRD-288,3217282,128159,50,544941,30856
CAMP-0199,PRD-288,3440243,52531,57,589951,46098
CAMP-0146,PRD-288,1451717,60784,50,517744,22940
CAMP-0052,PRD-289,1363954,22433,5,14395,7699
CAMP-0152,PRD-289,2505309,111080,23,57121,41524
CAMP-0120,PRD-289,3671181,52139,73,197417,39183
CAMP-0042,PRD-289,7759501,151654,31,75573,74695
CAMP-0185,PRD-289,1476231,58907,90,230711,9850
CAMP-0116,PRD-290,8056409,257623,79,37182,44959
CAMP-0041,PRD-290,10429686,255538,46,19184,58308
CAMP-0119,PRD-290,7335152,291152,88,50246,43134
CAMP-0089,PRD-290,6564696,318631,41,20590,61333
CAMP-0143,PRD-290,3230036,142854,13,5836,19277
CAMP-0086,PRD-290,4485975,82433,79,42309,56019
CAMP-0176,PRD-290,4868470,192635,10,5518,40499
CAMP-0122,PRD-290,9265688,424665,56,27834,55454
CAMP-0197,PRD-290,4697893,214174,69,29069,31042
CAMP-0163,PRD-290,5309349,72337,90,45828,45460
CAMP-0096,PRD-290,3876603,63351,35,15810,67169
CAMP-0091,PRD-290,1210678,15142,91,38767,16168
CAMP-0083,PRD-290,1839075,74555,45,18758,32172
CAMP-0009,PRD-290,8170729,237957,99,50485,42782
CAMP-0057,PRD-291,9735080,263379,40,164469,55588
CAMP-0148,PRD-291,3834873,174357,79,403850,63306
CAMP-0079,PRD-291,9311372,398647,30,137840,50435
CAMP-0050,PRD-291,10305807,347089,69,279669,59259
CAMP-0111,PRD-291,9680544,368836,89,416880,61396
CAMP-0113,PRD-292,4324016,206611,39,683355,43540
CAMP-0126,PRD-292,4352576,125224,95,1431936,51639
CAMP-0045,PRD-292,1525391,52129,88,1534704,24491
CAMP-0185,PRD-292,9128172,413848,24,408568,50292
CAMP-0023,PRD-292,3582412,116430,22,390236,22888
CAMP-0099,PRD-292,1112301,33822,73,1160833,18668
CAMP-0192,PRD-292,4653885,179384,20,282685,40504
CAMP-0047,PRD-292,6294862,166247,96,1333540,59212
CAMP-0138,PRD-292,4857617,145026,86,1160500,57172
CAMP-0128,PRD-292,1234219,57494,53,869091,7917
CAMP-0124,PRD-292,8057446,358025,5,69462,50415
CAMP-0168,PRD-292,4307862,194497,98,1304976,65806
CAMP-0182,PRD-292,13505170,608238,38,622052,73236
CAMP-0181,PRD-292,2324469,114345,24,404250,20758
CAMP-0102,PRD-292,13215624,469939,99,1345190,74109
CAMP-0083,PRD-293,9901811,128720,72,519018,53793
CAMP-0036,PRD-293,6239500,252634,10,63130,66080
CAMP-0033,PRD-294,1940061,46563,85,238210,31425
CAMP-0074,PRD-294,688012,20524,86,241984,7032
CAMP-0189,PRD-294,7132963,272144,95,260765,72982
CAMP-0159,PRD-294,849354,26111,27,74082,14060
CAMP-0123,PRD-294,3829810,107547,17,38844,31698
CAMP-0001,PRD-295,6737512,232981,78,938209,56008
CAMP-0022,PRD-295,6196577,206095,100,1369968,35690
CAMP-0125,PRD-295,3550582,137281,14,186341,38077
CAMP-0072,PRD-295,10814501,380617,80,1198363,54526
CAMP-0081,PRD-296,5693337,257246,19,278185,31647
CAMP-0183,PRD-296,2985673,75695,10,150717,38065
CAMP-0034,PRD-296,3914793,111041,5,96395,76498
CAMP-0070,PRD-296,1406070,59538,6,111707,11492
CAMP-0117,PRD-296,5270542,99267,11,162085,52362
CAMP-0096,PRD-296,3313569,52955,30,510392,28293
CAMP-0109,PRD-296,5606116,279472,15,283903,47259
CAMP-0050,PRD-297,2471005,54555,12,128549,41392
CAMP-0108,PRD-297,2959657,116060,29,300932,53880
CAMP-0115,PRD-297,2274430,62802,42,488819,15011
CAMP-0076,PRD-297,5800594,107289,19,244965,55996
CAMP-0171,PRD-297,1278739,43278,31,348643,11594
CAMP-0016,PRD-297,8075227,223039,50,564597,46451
CAMP-0186,PRD-297,12093249,181066,69,901216,60601
CAMP-0014,PRD-298,1153284,50821,38,490065,6447
CAMP-0168,PRD-298,7581024,154095,98,1233155,68320
CAMP-0162,PRD-298,4122447,184666,8,117484,31932
CAMP-0060,PRD-298,6200009,169771,100,1343840,34254
CAMP-0057,PRD-299,5723418,161294,38,614570,55255
CAMP-0198,PRD-299,7556096,356550,56,750201,46667
CAMP-0079,PRD-299,7287941,312133,66,986481,51529
CAMP-0100,PRD-300,1916756,58632,51,174776,12161
CAMP-0042,PRD-300,3584432,144373,77,304299,49846
CAMP-0086,PRD-300,2190427,70494,82,334582,29407
CAMP-0123,PRD-300,4580429,170419,91,370892,55855
CAMP-0057,PRD-300,2472577,38436,48,194431,45796
CAMP-0189,PRD-300,7466475,234760,91,322526,57427
CAMP-0070,PRD-300,5970070,180947,47,188739,42863
CAMP-0026,PRD-300,6224278,112494,79,252988,73380
CAMP-0155,PRD-300,5660214,83569,9,36861,47970
CAMP-0039,PRD-300,11217517,272202,65,243885,56255
CAMP-0005,PRD-300,6393365,128183,16,54489,38940
CAMP-0028,PRD-300,11308007,314271,55,176321,79627
CAMP-0158,PRD-300,11995404,371249,31,118147,71759
CAMP-0121,PRD-300,11347494,471554,69,253925,78716
CAMP-0040,PRD-300,3426299,43196,71,214331,34869
CAMP-0022,PRD-301,3688636,36994,68,1244408,26178
CAMP-0007,PRD-301,11804828,489919,33,522915,70306
CAMP-0197,PRD-301,5229751,79320,18,266170,56993
CAMP-0093,PRD-301,1916444,46873,97,1618410,33381
CAMP-0066,PRD-301,8990281,128856,95,1790784,68263
CAMP-0101,PRD-301,4206824,47552,11,175114,31441
CAMP-0170,PRD-301,5598263,260747,5,72867,55549
CAMP-0091,PRD-301,9730398,255439,79,1384296,57569
CAMP-0098,PRD-301,1753377,82997,85,1540543,19331
CAMP-0039,PRD-301,2977332,99872,49,889339,29001
CAMP-0112,PRD-301,4382652,107446,88,1491003,36857
CAMP-0152,PRD-302,3798587,164041,26,25500,37999
CAMP-0175,PRD-302,2958341,76964,13,11200,17526
CAMP-0075,PRD-302,6241981,211375,37,35348,32372
CAMP-0069,PRD-302,4510586,189439,7,6111,24298
CAMP-0013,PRD-302,6701392,156776,63,58527,74563
CAMP-0151,PRD-302,4977624,81314,43,38448,25146
CAMP-0117,PRD-302,8792550,178577,33,34594,56702
CAMP-0127,PRD-302,2976388,96854,18,18463,59319
CAMP-0066,PRD-302,4581035,122995,49,41033,60118
CAMP-0147,PRD-302,6595671,111506,11,9483,46543
CAMP-0022,PRD-302,4089313,171826,39,43173,79084
CAMP-0083,PRD-302,6250420,238632,31,26518,36957
CAMP-0150,PRD-302,3149848,70730,35,30566,55571
CAMP-0193,PRD-302,12516023,221419,20,20577,78116
CAMP-0066,PRD-303,1518986,47363,36,596504,11750
CAMP-0174,PRD-303,8397106,360600,43,640252,56772
CAMP-0189,PRD-303,10128522,176842,57,981535,51139
CAMP-0082,PRD-304,3338924,136672,22,265904,18638
CAMP-0125,PRD-304,9806188,172586,92,1205054,69287
CAMP-0095,PRD-304,3670479,124149,37,539198,25997
CAMP-0020,PRD-304,1967656,26226,59,754848,37892
CAMP-0124,PRD-304,12422492,198684,60,795060,70341
CAMP-0088,PRD-304,1208249,19127,49,688300,8754
CAMP-0036,PRD-304,6640662,189676,29,383025,72106
CAMP-0123,PRD-304,3182822,100294,11,157969,43521
CAMP-0037,PRD-304,2167542,98033,59,761274,19940
CAMP-0168,PRD-304,3946199,169335,65,697814,25206
CAMP-0020,PRD-305,8408425,192627,69,621807,66097
CAMP-0143,PRD-305,3121694,107141,42,330883,61815
CAMP-0169,PRD-305,5497992,211767,88,772977,50882
CAMP-0017,PRD-305,4876740,150810,45,389833,70464
CAMP-0010,PRD-305,1618739,68747,82,757040,12663
CAMP-0184,PRD-305,3956690,162574,37,360940,37062
CAMP-0058,PRD-305,9376726,123651,25,256214,64304
CAMP-0181,PRD-305,14015966,595107,30,236371,70911
CAMP-0136,PRD-305,3677656,94121,50,390176,57784
CAMP-0080,PRD-305,876380,12432,9,69904,15626
CAMP-0067,PRD-305,2397466,50816,20,168409,16454
CAMP-0013,PRD-305,945995,21732,92,743996,8595
CAMP-0052,PRD-305,14028435,548705,86,752834,70280
CAMP-0056,PRD-305,11796389,175166,50,470640,74384
CAMP-0067,PRD-306,12084519,529228,11,158484,76731
CAMP-0125,PRD-306,8724812,217930,72,1135788,51604
CAMP-0082,PRD-306,3544764,53946,63,1041305,32642
CAMP-0149,PRD-306,1477196,53109,11,173428,9196
CAMP-0037,PRD-306,1742959,48676,31,485666,8761
CAMP-0012,PRD-306,7837938,318659,23,376423,52763
CAMP-0178,PRD-306,699220,11844,71,964280,8231
CAMP-0136,PRD-306,7107733,169543,28,365727,66945
CAMP-0187,PRD-306,5003463,51602,43,715263,65903
CAMP-0115,PRD-307,5857432,58891,94,1528757,29780
CAMP-0034,PRD-307,607418,24700,18,292130,7074
CAMP-0030,PRD-307,8456793,288921,98,1536905,64621
CAMP-0123,PRD-307,9556094,236570,43,858935,53599
CAMP-0179,PRD-307,4885895,235670,72,1281491,31087
CAMP-0159,PRD-307,8998560,91574,80,1446909,56544
CAMP-0009,PRD-307,5079262,152555,26,502639,31381
CAMP-0142,PRD-307,7306466,165256,17,348635,66534
CAMP-0056,PRD-307,10811289,118257,14,260319,73276
CAMP-0166,PRD-307,6362150,84749,6,128452,36976
CAMP-0084,PRD-307,4654247,91923,66,1050343,65180
CAMP-0091,PRD-307,6337008,271835,98,1547133,78948
CAMP-0122,PRD-307,9356146,214845,91,1599580,71332
CAMP-0130,PRD-308,3404678,126766,89,1831779,44528
CAMP-0033,PRD-308,10034040,322829,46,772922,50712
CAMP-0163,PRD-308,3452955,64886,34,659247,18941
CAMP-0142,PRD-308,8916405,238731,71,1418958,79671
CAMP-0102,PRD-308,7406454,171197,35,710292,39087
CAMP-0006,PRD-308,4149457,179560,51,849816,58031
CAMP-0148,PRD-309,4865695,205487,97,1272127,51480
CAMP-0146,PRD-309,678905,17912,79,947990,8458
CAMP-0063,PRD-309,3920081,73622,34,371726,73571
CAMP-0031,PRD-309,2808813,55158,6,74260,17893
CAMP-0184,PRD-309,6872116,267598,79,945263,54330
CAMP-0003,PRD-309,1676235,32361,18,202742,13886
CAMP-0160,PRD-309,8056586,378029,77,905243,76513
CAMP-0037,PRD-309,9631486,230271,40,448405,55269
CAMP-0168,PRD-310,2318741,56023,77,1514332,16502
CAMP-0042,PRD-310,2220121,41283,95,1409454,24282
CAMP-0013,PRD-310,2719770,107947,54,965509,43193
CAMP-0053,PRD-310,7011627,277531,87,1293824,50537
CAMP-0090,PRD-310,2240840,91043,73,1080655,12290
CAMP-0193,PRD-310,8626574,177812,55,959629,45868
CAMP-0113,PRD-310,1666707,20410,61,1205552,28615
CAMP-0001,PRD-311,7236481,140851,52,886151,48110
CAMP-0111,PRD-311,598834,19225,81,1296622,8366
CAMP-0167,PRD-311,5571420,63341,51,667055,42563
CAMP-0124,PRD-312,4772665,181300,81,1374610,50053
CAMP-0150,PRD-312,4103213,177453,38,653778,22993
CAMP-0147,PRD-313,638771,23623,36,207789,10325
CAMP-0008,PRD-313,10957620,466200,61,324816,67985
CAMP-0039,PRD-313,4190242,59665,27,157846,60093
CAMP-0075,PRD-313,10426481,248040,44,264868,61664
CAMP-0177,PRD-313,10325508,201085,68,342960,74264
CAMP-0109,PRD-313,4622129,182278,69,325208,74663
CAMP-0091,PRD-313,9992870,106173,14,78638,54156
CAMP-0014,PRD-313,4527155,185066,12,67947,24049
CAMP-0035,PRD-313,8576117,425742,87,544765,58443
CAMP-0199,PRD-314,6899802,253849,20,356686,64744
CAMP-0028,PRD-314,5683361,258675,62,1173546,57426
CAMP-0021,PRD-314,1472044,58531,61,1146798,24516
CAMP-0066,PRD-314,1817695,41173,36,530614,17177
CAMP-0141,PRD-314,7048979,121224,91,1547316,57290
CAMP-0075,PRD-315,12821712,558967,13,41127,71257
CAMP-0051,PRD-315,3322083,127420,75,221327,32998
CAMP-0112,PRD-315,5518450,91665,32,99295,42514
CAMP-0087,PRD-315,3811706,166988,80,241121,56053
CAMP-0188,PRD-315,2036089,66590,82,304361,27525
CAMP-0151,PRD-315,5198473,191702,87,285710,79711
CAMP-0039,PRD-315,4671923,198617,89,328307,42716
CAMP-0155,PRD-315,2119322,42463,29,88238,23700
CAMP-0037,PRD-315,3568636,117346,38,139917,24439
CAMP-0024,PRD-315,3011073,79843,95,333151,46475
CAMP-0174,PRD-315,4429637,135149,85,252322,35900
CAMP-0021,PRD-315,10933351,272331,34,110082,61251
CAMP-0016,PRD-315,1357261,29052,5,15858,15853
CAMP-0153,PRD-316,1581290,49763,63,918735,14269
CAMP-0156,PRD-316,2853681,134860,72,1084350,49783
CAMP-0158,PRD-316,3711335,89153,45,556107,42891
CAMP-0144,PRD-316,6918883,129882,5,74939,54294
CAMP-0073,PRD-316,4855457,198843,69,885792,35887
CAMP-0193,PRD-316,1730254,43709,13,168422,19489
CAMP-0062,PRD-316,6703334,234895,86,1309254,61910
CAMP-0050,PRD-316,3781836,91154,10,141001,52338
CAMP-0034,PRD-316,6874797,293007,54,743536,46020
CAMP-0126,PRD-316,9768930,463403,65,965466,59693
CAMP-0037,PRD-316,585942,23557,38,478818,5016
CAMP-0077,PRD-316,8809225,386830,30,479637,53626
CAMP-0151,PRD-316,2613715,111305,80,1225615,37576
CAMP-0104,PRD-316,2746498,105391,37,442198,21879
CAMP-0161,PRD-317,6690581,331346,32,499846,60574
CAMP-0023,PRD-317,3898489,178723,33,449215,51166
CAMP-0094,PRD-317,1942023,47622,45,556135,14524
CAMP-0102,PRD-317,4166925,120081,56,758717,30492
CAMP-0129,PRD-317,5463530,174450,68,1004154,51292
CAMP-0151,PRD-317,6602295,272636,35,528219,44321
CAMP-0122,PRD-317,7173778,227867,60,813542,68516
CAMP-0042,PRD-317,2832628,104719,75,941099,25510
CAMP-0197,PRD-317,3322111,41217,40,509157,18584
CAMP-0004,PRD-318,11466963,123533,34,593165,76238
CAMP-0165,PRD-318,5433511,115227,24,471872,33306
CAMP-0130,PRD-318,9779585,99873,29,481847,59249
CAMP-0129,PRD-318,1852089,63115,15,269939,13797
CAMP-0143,PRD-318,2282179,97067,35,561256,34232
CAMP-0128,PRD-318,4411067,89562,41,810053,29665
CAMP-0137,PRD-318,5917434,153166,89,1554920,35115
CAMP-0086,PRD-318,11911816,217396,10,193361,66843
CAMP-0041,PRD-318,1796504,75521,63,1231282,32840
CAMP-0158,PRD-319,2426760,106819,30,143678,26675
CAMP-0161,PRD-319,4349372,62500,99,417650,46079
CAMP-0035,PRD-320,1699556,55747,63,486410,33219
CAMP-0143,PRD-320,10236953,359415,68,462975,73379
CAMP-0085,PRD-320,3905472,153049,85,740770,67326
CAMP-0200,PRD-320,4597144,163484,6,45306,38138
CAMP-0090,PRD-320,5370542,165877,59,506798,54269
CAMP-0171,PRD-320,7799191,366969,81,595723,57081
CAMP-0121,PRD-320,7905171,167521,31,270205,56305
CAMP-0180,PRD-320,3028626,126683,22,155927,24103
CAMP-0135,PRD-320,6621281,184233,9,73059,34893
CAMP-0108,PRD-320,5142067,75639,74,627986,34177
CAMP-0151,PRD-321,3566657,49471,12,153534,41909
CAMP-0003,PRD-321,2900073,57377,15,189647,22373
CAMP-0065,PRD-321,8216973,207852,96,1435379,42152
CAMP-0021,PRD-321,9108372,269017,24,311240,63419
CAMP-0002,PRD-321,3575419,39087,95,1317376,27517
CAMP-0088,PRD-321,827274,18759,67,826849,12202
CAMP-0039,PRD-321,2214197,82518,47,611389,17230
CAMP-0194,PRD-321,2643759,33892,13,194962,46277
CAMP-0166,PRD-321,6530082,213903,61,729756,50740
CAMP-0084,PRD-321,7272981,237173,93,1408087,59342
CAMP-0184,PRD-321,3360543,117189,34,471723,36007
CAMP-0100,PRD-322,2603148,53653,61,953463,38889
CAMP-0167,PRD-322,7719447,359426,93,1230646,65125
CAMP-0015,PRD-323,2967402,44301,35,427896,45600
CAMP-0153,PRD-323,12397659,284934,18,179701,68142
CAMP-0078,PRD-323,9705174,315876,93,1166067,50176
CAMP-0132,PRD-323,8456891,397799,69,909566,43658
CAMP-0011,PRD-323,3875067,173423,29,361020,28346
CAMP-0180,PRD-323,9724290,203335,81,988757,53202
CAMP-0031,PRD-323,5951413,210808,52,587161,47938
CAMP-0064,PRD-323,4068433,141976,62,814889,79191
CAMP-0156,PRD-323,5065990,92535,76,879445,70404
CAMP-0023,PRD-323,3420284,161305,35,390005,23948
CAMP-0191,PRD-323,4797557,222744,69,868027,24799
CAMP-0198,PRD-324,5398592,136350,69,688780,60419
CAMP-0034,PRD-324,5824996,164228,91,814312,46634
CAMP-0093,PRD-324,607762,23550,19,155016,7961
CAMP-0162,PRD-325,4402533,93486,42,129063,50331
CAMP-0092,PRD-325,4408864,72601,65,223110,73212
CAMP-0131,PRD-325,2412807,108338,92,327717,30374
CAMP-0101,PRD-325,3751641,136761,45,168469,66849
CAMP-0087,PRD-325,3407230,73136,79,259912,34569
CAMP-0001,PRD-325,4654958,136737,5,18719,37925
CAMP-0035,PRD-325,2932722,55995,76,278056,18386
CAMP-0109,PRD-325,6652711,190688,6,20562,56707
CAMP-0168,PRD-325,3105169,43005,21,63753,40643
CAMP-0038,PRD-325,9260532,274803,47,143749,52421
CAMP-0081,PRD-325,1251942,50692,36,119444,19580
CAMP-0180,PRD-325,8192853,232832,69,229825,74342
CAMP-0112,PRD-325,2665926,63289,18,60077,40311
CAMP-0037,PRD-325,6508583,131684,73,268317,44945
CAMP-0060,PRD-326,7992874,93020,22,268872,60077
CAMP-0109,PRD-326,2091074,70817,84,1279161,24217
CAMP-0048,PRD-326,4414014,140847,65,868973,63767
CAMP-0073,PRD-326,8732666,116080,39,596119,54118
CAMP-0169,PRD-326,473191,13158,99,1158364,8508
CAMP-0061,PRD-326,3347907,98767,56,777029,37387
CAMP-0085,PRD-326,9492942,419805,53,769106,60023
CAMP-0170,PRD-326,10264184,366544,52,633777,71799
CAMP-0059,PRD-326,7032211,167523,91,1415714,39032
CAMP-0056,PRD-326,3840572,186958,57,867189,72490
CAMP-0179,PRD-327,13747732,193112,100,830153,78446
CAMP-0159,PRD-327,2788950,73447,64,480019,49321
CAMP-0056,PRD-327,1727524,62419,38,334578,12064
CAMP-0054,PRD-327,11822938,521213,15,102860,61795
CAMP-0042,PRD-327,2104748,87887,86,593042,18342
CAMP-0012,PRD-327,10065055,396610,12,91930,71672
CAMP-0184,PRD-327,6142117,206540,49,414627,61157
CAMP-0058,PRD-327,5133584,96406,30,215163,29088
CAMP-0050,PRD-327,6248687,235597,86,674397,58618
CAMP-0147,PRD-327,5134336,71920,52,480111,60917
CAMP-0168,PRD-327,3823395,137483,48,359427,39110
CAMP-0077,PRD-327,1671425,81662,19,156237,9114
CAMP-0039,PRD-327,11052952,541198,91,687735,64225
CAMP-0078,PRD-327,4478053,101115,28,197688,73085
CAMP-0191,PRD-328,1526014,41399,37,509055,7801
CAMP-0164,PRD-328,3449552,98679,16,228335,24863
CAMP-0109,PRD-328,3449944,139706,82,1212682,49155
CAMP-0011,PRD-328,6276045,229809,57,783473,41673
CAMP-0047,PRD-328,10309518,137084,71,1080844,70712
CAMP-0114,PRD-328,3004943,84167,61,827473,15740
CAMP-0006,PRD-328,3883735,121423,63,973666,76095
CAMP-0078,PRD-329,4451740,62783,42,24163,33865
CAMP-0106,PRD-329,4092375,52245,95,58700,35629
CAMP-0177,PRD-329,5215994,166986,98,49241,43484
CAMP-0131,PRD-329,5666067,243740,82,44001,77790
CAMP-0166,PRD-329,8890996,212768,42,25012,68290
CAMP-0170,PRD-329,2669318,93555,56,32032,21810
CAMP-0034,PRD-329,12525685,207138,75,41800,67712
CAMP-0066,PRD-329,7612610,273569,51,23454,59588
CAMP-0077,PRD-329,2044364,78582,47,22099,15241
CAMP-0057,PRD-329,4662907,175965,31,16342,73696
CAMP-0053,PRD-330,1477552,58079,19,63114,10970
CAMP-0139,PRD-330,11709466,212387,60,214874,78090
CAMP-0042,PRD-330,9965890,352351,47,187057,70044
CAMP-0083,PRD-330,1576273,22943,47,139740,24116
CAMP-0173,PRD-330,12253004,399554,75,292660,74234
CAMP-0072,PRD-330,4218177,55742,69,243492,23376
CAMP-0011,PRD-330,1356958,57810,48,151632,21684
CAMP-0005,PRD-330,2662828,68109,69,217723,33310
CAMP-0186,PRD-330,1569311,20750,67,245215,16471
CAMP-0166,PRD-330,846272,27034,66,199396,13792
CAMP-0184,PRD-330,5338131,108031,96,292752,61589
CAMP-0073,PRD-330,14087853,655288,56,189799,70992
CAMP-0090,PRD-331,921415,17570,20,55689,14996
CAMP-0147,PRD-331,1046692,32091,14,31963,8213
CAMP-0184,PRD-331,12828697,385979,70,175193,75988
CAMP-0200,PRD-331,12755132,498779,5,12987,69549
CAMP-0139,PRD-331,4366293,208555,21,43023,52184
CAMP-0061,PRD-331,3416081,44791,84,218147,24996
CAMP-0153,PRD-331,421589,17411,91,234251,5959
CAMP-0115,PRD-331,7022266,75462,90,231685,39173
CAMP-0087,PRD-331,11053413,141556,14,32392,68879
CAMP-0054,PRD-331,1902011,69248,49,132981,23445
CAMP-0001,PRD-331,8359064,308051,99,237425,47422
CAMP-0131,PRD-331,5548043,105501,38,79868,61331
CAMP-0086,PRD-332,11972308,328663,52,587251,76379
CAMP-0116,PRD-332,13395802,176142,79,999325,68192
CAMP-0090,PRD-333,6004189,289213,36,360046,36875
CAMP-0059,PRD-333,3546923,116786,70,869122,29823
CAMP-0129,PRD-333,3601618,122467,84,812505,23776
CAMP-0044,PRD-333,769424,32436,34,323020,9174
CAMP-0146,PRD-333,4976913,209367,17,215979,41919
CAMP-0093,PRD-333,5037711,78065,39,440337,75405
CAMP-0145,PRD-333,7943605,368182,67,680551,72371
CAMP-0051,PRD-333,2507119,56842,21,235703,34901
CAMP-0137,PRD-333,1986157,89505,15,171045,18484
CAMP-0046,PRD-333,4474187,173719,14,177892,26357
CAMP-0045,PRD-333,1920250,85306,66,629265,11704
CAMP-0009,PRD-333,1490632,48642,88,920617,25728
CAMP-0014,PRD-334,14718076,294499,65,543596,74800
CAMP-0011,PRD-334,5837918,141354,74,573856,50989
CAMP-0078,PRD-334,2466175,86145,19,161859,15424
CAMP-0094,PRD-334,5762009,174971,77,690561,59906
CAMP-0120,PRD-334,1690855,37628,9,91655,10092
CAMP-0032,PRD-335,2663876,55408,100,673069,34884
CAMP-0176,PRD-335,3499244,90126,71,391166,19887
CAMP-0019,PRD-335,5293353,214416,50,272182,70769
CAMP-0015,PRD-335,12848864,501503,72,462443,69199
CAMP-0076,PRD-335,5381182,166298,51,270175,41426
CAMP-0004,PRD-336,3545720,53006,35,237551,20387
CAMP-0179,PRD-336,3507426,61584,55,488757,39070
CAMP-0140,PRD-336,6263631,232669,37,287205,75200
CAMP-0131,PRD-336,1046619,38078,52,419405,13745
CAMP-0197,PRD-336,1771419,29973,32,231170,12861
CAMP-0008,PRD-336,3431002,159619,9,78895,50203
CAMP-0195,PRD-336,4542216,223539,43,355230,51300
CAMP-0103,PRD-336,10403900,433486,93,756012,52365
CAMP-0014,PRD-336,1730687,83319,70,477069,18649
CAMP-0153,PRD-337,2717906,36461,41,475251,36988
CAMP-0069,PRD-337,9049653,439959,61,911704,55327
CAMP-0174,PRD-337,4692663,214266,46,562148,33803
CAMP-0151,PRD-337,1554494,70436,100,1150207,22446
CAMP-0018,PRD-337,2703682,37485,43,550777,24629
CAMP-0094,PRD-337,10245751,334551,22,317409,66732
CAMP-0181,PRD-337,5381832,158359,77,1150059,52964
CAMP-0131,PRD-337,5717017,174670,77,1129281,64012
CAMP-0013,PRD-338,4811830,146634,35,25564,33536
CAMP-0192,PRD-338,3789964,89731,51,34269,21305
CAMP-0153,PRD-338,2550710,28981,98,59297,49301
CAMP-0140,PRD-339,7827323,323276,100,1472920,47418
CAMP-0148,PRD-339,5645521,101822,10,111331,29412
CAMP-0180,PRD-339,5622511,154833,78,1076551,60130
CAMP-0167,PRD-340,4520466,172542,6,91731,69802
CAMP-0182,PRD-340,962215,11911,17,282300,16145
CAMP-0004,PRD-341,11982088,544579,71,601830,63785
CAMP-0011,PRD-341,5700384,100772,61,538855,35040
CAMP-0157,PRD-341,5108649,176399,84,711540,72836
CAMP-0187,PRD-341,1959266,88558,18,166452,10625
CAMP-0108,PRD-341,3609876,54909,31,292562,48105
CAMP-0070,PRD-341,3871612,190639,29,291546,69219
CAMP-0043,PRD-341,12283210,460439,74,685970,67561
CAMP-0134,PRD-341,8807405,349222,42,353293,47678
CAMP-0022,PRD-342,4485173,105339,6,11051,37325
CAMP-0156,PRD-342,7456650,346431,30,67136,47399
CAMP-0010,PRD-342,2580055,78902,81,172565,45004
CAMP-0105,PRD-342,12204409,411452,44,82074,61608
CAMP-0126,PRD-342,4700621,153635,31,57645,46066
CAMP-0085,PRD-342,3224170,41130,12,22935,44392
CAMP-0031,PRD-342,4059359,112278,51,102135,70050
CAMP-0069,PRD-342,4707721,190970,80,137869,66826
CAMP-0197,PRD-342,7713256,209871,33,56633,68222
CAMP-0200,PRD-342,1264264,45778,68,125880,16475
CAMP-0178,PRD-342,3346647,80357,86,184899,43363
CAMP-0097,PRD-342,5068014,222893,100,230591,78244
CAMP-0162,PRD-343,4132293,146719,82,1002713,47935
CAMP-0053,PRD-343,7203584,353538,76,880505,61959
CAMP-0153,PRD-343,719124,25269,89,978407,14106
CAMP-0087,PRD-343,1513398,35240,91,889644,18980
CAMP-0048,PRD-343,9709853,478594,96,903006,61443
CAMP-0099,PRD-343,5377496,218497,52,515023,42936
CAMP-0084,PRD-343,1590193,22205,26,329089,13155
CAMP-0110,PRD-343,471770,10366,88,1106457,5984
CAMP-0157,PRD-343,5625547,251651,29,326149,28574
CAMP-0023,PRD-343,9224614,345997,57,644561,70009
CAMP-0152,PRD-343,1996381,40583,43,532231,30054
CAMP-0011,PRD-343,1131432,25803,14,167180,7994
CAMP-0134,PRD-343,3285586,99178,26,271171,43768
CAMP-0079,PRD-343,7295757,232813,41,458122,45190
CAMP-0057,PRD-344,3137238,53091,83,315112,17715
CAMP-0040,PRD-344,3822131,88715,77,264673,59077
CAMP-0050,PRD-344,1779945,40013,82,360081,17004
CAMP-0180,PRD-344,725819,17835,41,170432,7169
CAMP-0006,PRD-344,5007655,142179,54,221229,26694
CAMP-0160,PRD-344,10204176,199342,24,95807,61183
CAMP-0066,PRD-344,5424830,164884,68,248421,55397
CAMP-0033,PRD-345,1019040,48537,88,238148,8824
CAMP-0080,PRD-345,1671858,53685,30,90468,17563
CAMP-0070,PRD-345,930587,42510,12,28137,6922
CAMP-0129,PRD-345,1054686,18725,12,30615,10148
CAMP-0026,PRD-345,12123041,179624,48,131061,69003
CAMP-0185,PRD-346,4394577,127703,34,556772,26654
CAMP-0139,PRD-346,3086560,100636,60,1112392,43430
CAMP-0102,PRD-346,6990320,332463,74,1428069,45360
CAMP-0141,PRD-346,2626486,72545,64,1340432,33529
CAMP-0063,PRD-346,2257179,80581,58,1055136,41354
CAMP-0134,PRD-346,887894,38594,35,670721,14468
CAMP-0197,PRD-346,9208512,152496,42,878327,54073
CAMP-0022,PRD-346,8814342,420426,86,1494515,71649
CAMP-0171,PRD-346,1241051,13653,19,347600,12047
CAMP-0191,PRD-347,11410673,434907,66,690095,62616
CAMP-0022,PRD-347,3442430,121802,5,70275,17664
CAMP-0022,PRD-348,653001,25399,7,57736,11405
CAMP-0039,PRD-348,5494074,69337,49,307757,68693
CAMP-0094,PRD-348,4434191,79162,10,68394,34540
CAMP-0032,PRD-349,4386349,183692,57,98510,27856
CAMP-0101,PRD-349,5164056,210877,70,143427,36742
CAMP-0126,PRD-349,2902539,53841,17,30279,34811
CAMP-0144,PRD-349,7020555,70675,33,56729,52498
CAMP-0133,PRD-349,4104448,144619,18,33292,35206
CAMP-0123,PRD-349,2595064,123637,18,29932,49027
CAMP-0145,PRD-349,6525272,73568,67,122844,49940
CAMP-0041,PRD-349,12729556,259133,27,56899,68128
CAMP-0199,PRD-349,1346572,54911,9,16293,7826
CAMP-0017,PRD-349,12714341,172169,100,174457,74039
CAMP-0127,PRD-350,3450512,132368,20,224163,47348
CAMP-0096,PRD-350,12882693,149242,34,302114,67105
CAMP-0039,PRD-350,13040249,141995,34,328550,71283
CAMP-0095,PRD-350,10340075,416830,36,400510,78490
CAMP-0153,PRD-350,4975015,85507,43,509251,33169
CAMP-0113,PRD-350,2220131,94362,79,908698,34675
CAMP-0144,PRD-350,3309634,51799,70,646797,25108
CAMP-0059,PRD-350,5045141,157189,10,117896,30787
CAMP-0160,PRD-350,7553060,104742,95,998394,74761
CAMP-0187,PRD-350,4966426,91199,46,534220,44371
CAMP-0193,PRD-351,3588656,51683,47,413708,27373
CAMP-0155,PRD-351,1420592,64232,14,96082,8084
CAMP-0080,PRD-352,10382840,505843,82,393379,73041
CAMP-0167,PRD-352,3828719,152603,15,69195,33178
CAMP-0085,PRD-352,2610850,116462,68,350576,41019
CAMP-0187,PRD-352,9571835,281431,86,460084,75250
CAMP-0125,PRD-353,3598695,168047,73,745349,32639
CAMP-0178,PRD-353,4252760,181706,8,75255,51526
CAMP-0088,PRD-353,5941081,62722,82,790908,52541
CAMP-0085,PRD-353,4544017,113557,55,605548,69333
CAMP-0083,PRD-353,4254916,136005,70,806294,40488
CAMP-0028,PRD-353,2953688,41429,40,481158,18610
CAMP-0111,PRD-353,7525607,130104,84,941106,43091
CAMP-0108,PRD-353,5118928,128343,22,216851,66166
CAMP-0073,PRD-353,2837519,101314,49,579692,15283
CAMP-0070,PRD-353,10619178,361814,5,52795,77542
CAMP-0134,PRD-353,2499245,83496,44,406196,16051
CAMP-0018,PRD-353,3809869,60373,51,485964,41875
CAMP-0116,PRD-353,5700184,193881,68,786097,47278
CAMP-0162,PRD-353,1954170,49746,50,546800,14172
CAMP-0090,PRD-354,1134133,31621,39,446622,13459
CAMP-0190,PRD-354,1598397,58666,54,755116,17157
CAMP-0184,PRD-354,4354185,189600,19,234749,50034
CAMP-0066,PRD-354,4649475,122241,48,741152,72817
CAMP-0198,PRD-354,678561,8673,35,461163,9529
CAMP-0088,PRD-354,5726122,167156,30,414657,37763
CAMP-0194,PRD-354,1043042,21819,49,635933,12273
CAMP-0030,PRD-354,4124162,140792,8,101985,50707
CAMP-0108,PRD-354,3965636,100120,98,1160754,39874
CAMP-0004,PRD-354,6052097,122701,34,479272,58758
CAMP-0085,PRD-354,597829,6507,73,1009866,7137
CAMP-0036,PRD-354,1057669,14318,64,954802,8101
CAMP-0146,PRD-354,7593756,125496,88,1047722,79220
CAMP-0150,PRD-355,6997606,326133,50,603507,72671
CAMP-0139,PRD-355,2442545,105921,36,445868,17624
CAMP-0198,PRD-355,3461996,127354,54,710803,20317
CAMP-0058,PRD-355,11975072,308033,6,72336,78962
CAMP-0030,PRD-355,5428557,144769,36,457391,42981
CAMP-0190,PRD-355,2579864,71830,99,1420479,27254
CAMP-0022,PRD-355,4712207,105976,27,331394,64842
CAMP-0149,PRD-355,2104410,67913,55,808693,37186
CAMP-0200,PRD-356,6275954,174327,16,39349,37269
CAMP-0017,PRD-356,1115130,34444,45,113896,16489
CAMP-0199,PRD-356,691583,24101,69,187196,11032
CAMP-0134,PRD-356,9196253,248049,70,205581,47447
CAMP-0002,PRD-356,6235787,212389,45,114984,51156
CAMP-0058,PRD-356,3141493,43302,40,89991,30047
CAMP-0041,PRD-356,9710763,287483,71,199456,57696
CAMP-0185,PRD-356,4011091,122907,100,275108,20061
CAMP-0176,PRD-356,2360080,113088,53,135232,18184
CAMP-0093,PRD-356,9383076,258218,20,45093,54232
CAMP-0159,PRD-356,11570498,289777,61,137005,70595
CAMP-0100,PRD-356,4997068,95132,55,162845,46535
CAMP-0091,PRD-356,5921308,69902,34,78646,37300
CAMP-0083,PRD-356,900814,22136,66,186982,13932
CAMP-0085,PRD-356,5129197,196393,16,36921,25973
CAMP-0102,PRD-357,5900043,204308,95,842575,39651
CAMP-0069,PRD-357,10357574,216767,39,401887,66395
CAMP-0137,PRD-357,7002192,341944,72,825525,62518
CAMP-0167,PRD-357,1666861,58641,76,838055,9245
CAMP-0076,PRD-358,6557584,175982,62,309600,41909
CAMP-0186,PRD-358,1787450,34178,8,43128,34277
CAMP-0162,PRD-358,2662456,116944,100,484820,28568
CAMP-0136,PRD-358,4171455,119515,38,207214,76088
CAMP-0002,PRD-358,14115518,214857,81,437086,72218
CAMP-0090,PRD-358,13827900,355136,100,487842,77877
CAMP-0144,PRD-358,4521272,85543,6,33088,75299
CAMP-0081,PRD-358,3992310,184998,28,154290,27064
CAMP-0170,PRD-358,2075429,81339,28,139192,32839
CAMP-0086,PRD-358,1832994,64078,7,36659,20001
CAMP-0176,PRD-358,5523918,166673,34,158711,65283
CAMP-0045,PRD-358,5588885,198603,28,159777,31691
CAMP-0101,PRD-358,10402248,346545,91,514217,55279
CAMP-0112,PRD-358,2009039,67744,65,345599,39454
CAMP-0079,PRD-359,1362323,28622,22,201509,25260
CAMP-0105,PRD-359,8251710,256171,16,127896,44113
CAMP-0117,PRD-359,2427425,67950,46,453751,13745
CAMP-0064,PRD-359,4150975,174383,62,561636,67223
CAMP-0010,PRD-359,4993516,115319,33,324413,33992
CAMP-0035,PRD-359,3590754,161732,67,541118,19328
CAMP-0167,PRD-359,5149137,119349,34,303330,55993
CAMP-0135,PRD-359,2485855,40712,53,407324,20962
CAMP-0133,PRD-359,8415824,226958,90,869302,48578
CAMP-0066,PRD-359,3573310,66589,89,758485,23069
CAMP-0163,PRD-359,8068281,379897,53,392031,73279
CAMP-0011,PRD-359,7195241,162748,95,684864,56576
CAMP-0026,PRD-360,7429609,347917,20,226591,48614
CAMP-0131,PRD-360,4365810,67635,69,753793,34041
CAMP-0003,PRD-360,1806558,87500,76,892131,28803
CAMP-0125,PRD-360,10474758,191273,73,876388,68105
CAMP-0071,PRD-360,6459655,70115,51,512856,71847
CAMP-0021,PRD-361,3413865,160731,54,57698,23574
CAMP-0007,PRD-361,2684863,48419,18,22083,30714
CAMP-0179,PRD-361,8306594,180036,64,89900,62591
CAMP-0012,PRD-361,3072211,152945,49,62020,30640
CAMP-0144,PRD-361,2067313,71121,54,60283,28622
CAMP-0019,PRD-361,5608214,205225,18,23919,38519
CAMP-0135,PRD-361,6142130,162411,59,81170,73405
CAMP-0034,PRD-362,952195,42562,93,369770,8360
CAMP-0120,PRD-362,388761,12556,17,72763,5261
CAMP-0026,PRD-362,4441574,177216,65,261294,26871
CAMP-0012,PRD-362,12363078,468580,71,321117,68231
CAMP-0069,PRD-362,2075407,76932,76,317653,37045
CAMP-0148,PRD-362,8769553,217691,100,450843,63093
CAMP-0111,PRD-362,7843041,172420,95,404147,60878
CAMP-0035,PRD-362,2418376,28649,22,98241,27304
CAMP-0129,PRD-362,3687856,48458,18,67137,20338
CAMP-0014,PRD-362,513349,21625,92,394279,8273
CAMP-0053,PRD-362,5050139,82812,99,459567,28399
CAMP-0162,PRD-363,4038817,169778,21,331729,75720
CAMP-0151,PRD-363,3118736,69781,36,738424,30963
CAMP-0005,PRD-363,2698313,73274,76,1424192,23958
CAMP-0063,PRD-363,1142518,52214,68,1184405,9524
CAMP-0110,PRD-363,8128419,141375,33,687366,50216
CAMP-0018,PRD-363,4813599,121371,81,1452889,27297
CAMP-0093,PRD-363,11783545,341922,87,1455008,73594
CAMP-0131,PRD-363,6143955,268354,35,671369,38364
CAMP-0009,PRD-363,2970390,127761,54,845537,22697
CAMP-0136,PRD-363,1091151,14186,58,1025148,9642
CAMP-0001,PRD-363,9142154,429968,100,2115523,63736
CAMP-0019,PRD-363,8316227,243261,79,1374957,50086
CAMP-0005,PRD-364,7842715,140157,70,248261,65938
CAMP-0164,PRD-364,3837865,46863,82,367799,26302
CAMP-0027,PRD-364,851587,41461,65,261245,5342
CAMP-0182,PRD-364,2692193,85042,43,170469,25665
CAMP-0096,PRD-364,720264,27078,9,42524,10484
CAMP-0117,PRD-364,3398040,144937,85,378082,35287
CAMP-0001,PRD-364,6827561,334162,15,70954,64227
CAMP-0040,PRD-364,8491695,278395,74,264515,65686
CAMP-0159,PRD-364,2979934,131909,31,132407,17876
CAMP-0189,PRD-364,3985555,161931,41,187601,55506
CAMP-0083,PRD-365,6038343,188788,93,1260477,43553
CAMP-0033,PRD-365,1084765,52787,98,1241504,7316
CAMP-0132,PRD-365,10211444,389688,6,77329,56643
CAMP-0197,PRD-365,3379051,55187,65,870696,40093
CAMP-0161,PRD-365,3794614,104445,29,402631,33373
CAMP-0079,PRD-365,3774848,180832,84,1062358,63137
CAMP-0123,PRD-365,4441576,149093,51,562305,32357
CAMP-0081,PRD-366,2688816,64807,38,285607,14928
CAMP-0066,PRD-366,8031521,295219,12,80982,41246
CAMP-0024,PRD-366,8522799,180373,16,109971,50253
CAMP-0098,PRD-366,1855325,38417,25,229128,32300
CAMP-0180,PRD-366,5391662,211910,72,562378,40883
CAMP-0003,PRD-366,10462134,435563,96,783532,66894
CAMP-0134,PRD-366,5284974,210817,10,72875,32986
CAMP-0075,PRD-366,7852332,153493,90,621012,55296
CAMP-0080,PRD-366,8031317,175701,22,151133,46347
CAMP-0186,PRD-366,8686883,293897,11,85801,74845
CAMP-0171,PRD-367,4455695,116055,62,1177575,45189
CAMP-0071,PRD-367,8620878,177865,54,798252,50884
CAMP-0013,PRD-368,2525648,33648,16,275793,47479
CAMP-0104,PRD-368,4439692,177788,35,600472,62186
CAMP-0112,PRD-368,4231220,145956,53,691931,29164
CAMP-0059,PRD-368,3488838,119460,49,640893,42518
CAMP-0072,PRD-369,6275689,186931,99,866434,52723
CAMP-0037,PRD-369,1742319,35435,96,953444,17445
CAMP-0113,PRD-369,6233949,138892,63,542198,47548
CAMP-0142,PRD-370,7011860,325415,31,294663,79849
CAMP-0071,PRD-370,11742569,252262,63,596844,62085
CAMP-0048,PRD-370,3634604,49943,42,304752,32550
CAMP-0126,PRD-370,1573627,65751,37,346429,16487
CAMP-0108,PRD-370,5699537,134884,99,852525,60061
CAMP-0010,PRD-370,1600185,42912,69,605078,13287
CAMP-0095,PRD-370,4065377,169847,10,93776,28012
CAMP-0009,PRD-370,6345810,268015,76,743853,73695
CAMP-0127,PRD-370,615722,10529,10,98595,6543
CAMP-0086,PRD-370,1640942,32534,88,810305,14678
CAMP-0143,PRD-370,12200597,207186,80,613077,62722
CAMP-0178,PRD-371,5326765,101777,23,288899,37070
CAMP-0104,PRD-371,6952167,103008,31,316555,50298
CAMP-0189,PRD-371,4484936,137589,70,877050,29937
CAMP-0194,PRD-371,7463498,234202,8,78403,43094
CAMP-0150,PRD-371,3744533,162015,98,1036001,71028
CAMP-0160,PRD-371,11473250,224925,54,561142,64343
CAMP-0074,PRD-371,3084517,54441,79,798414,31155
CAMP-0165,PRD-371,12426910,253822,15,185885,77058
CAMP-0183,PRD-371,6146232,186791,72,942502,39663
CAMP-0009,PRD-371,10411736,486092,37,411538,75905
CAMP-0093,PRD-371,9458645,298289,68,737172,58710
CAMP-0076,PRD-371,1966207,77903,54,562342,31073
CAMP-0177,PRD-372,4714079,164736,63,63378,34473
CAMP-0145,PRD-372,5277815,178242,70,87311,39222
CAMP-0003,PRD-372,7344714,335338,85,88813,44614
CAMP-0083,PRD-372,1284469,40818,91,92917,12032
CAMP-0016,PRD-372,3563051,170913,68,80794,27502
CAMP-0062,PRD-372,5197191,62817,77,86246,54809
CAMP-0200,PRD-372,2072796,68172,80,106293,37803
CAMP-0102,PRD-372,8966871,416584,98,101385,73397
CAMP-0086,PRD-372,1458410,62567,54,70938,9965
CAMP-0067,PRD-372,8627798,216210,93,100116,70019
CAMP-0111,PRD-372,8973183,346410,11,11855,68463
CAMP-0049,PRD-373,6917696,344227,53,948979,37515
CAMP-0196,PRD-373,2082830,92592,17,323709,27711
CAMP-0165,PRD-373,466068,4797,87,1711349,6589
CAMP-0104,PRD-374,4342478,143745,23,278319,44703
CAMP-0078,PRD-374,6926137,172567,85,990767,63108
CAMP-0135,PRD-374,3046897,47081,7,80336,20170
CAMP-0068,PRD-374,12870837,471384,42,419204,71222
CAMP-0037,PRD-374,4182214,45330,88,910397,34286
CAMP-0063,PRD-374,12739430,211081,19,171405,69386
CAMP-0131,PRD-374,2056891,57768,85,982230,10566
CAMP-0137,PRD-374,10074967,190344,52,503033,52883
CAMP-0173,PRD-374,11047888,316256,66,664082,56326
CAMP-0007,PRD-374,1608674,28093,68,761442,11012
CAMP-0106,PRD-374,13793809,313684,76,733414,71790
CAMP-0121,PRD-374,3602507,90725,58,693559,31367
CAMP-0100,PRD-374,2215717,73307,76,804919,17899
CAMP-0021,PRD-374,8334927,233388,28,317806,53282
CAMP-0182,PRD-374,3917849,47924,54,537996,29279
CAMP-0184,PRD-375,7840164,246845,5,99205,57948
CAMP-0003,PRD-375,2980435,38501,19,382830,22374
CAMP-0001,PRD-375,8415797,403531,44,809480,63783
CAMP-0073,PRD-375,721401,27305,36,704112,7025
CAMP-0052,PRD-375,1668174,73536,10,206778,11910
CAMP-0036,PRD-375,6237928,237221,50,968926,35145
CAMP-0177,PRD-375,3682101,129377,41,784126,26346
CAMP-0051,PRD-375,7086776,288851,95,1700752,50621
CAMP-0164,PRD-375,5058154,205631,6,100817,38124
CAMP-0173,PRD-375,7891410,152002,83,1359282,68435
CAMP-0075,PRD-376,10108525,194549,84,1412809,63206
CAMP-0095,PRD-376,13008624,322375,15,290415,74112
CAMP-0051,PRD-376,4733282,116856,74,1428270,34928
CAMP-0101,PRD-376,1312419,32488,62,1085615,9484
CAMP-0097,PRD-376,3003622,89184,73,1343508,29856
CAMP-0187,PRD-376,11353521,538478,95,1818464,56801
CAMP-0150,PRD-377,7263704,80260,46,519496,70192
CAMP-0141,PRD-377,8871737,312859,82,729512,45927
CAMP-0022,PRD-377,3896438,70290,9,83676,52991
CAMP-0028,PRD-377,1331525,32178,12,116508,15635
CAMP-0177,PRD-377,2655068,74479,76,825421,52656
CAMP-0122,PRD-377,7381088,114087,38,333888,43894
CAMP-0196,PRD-377,7861840,154924,55,605821,60976
CAMP-0004,PRD-377,12002459,444910,95,911493,74943
CAMP-0053,PRD-377,9650391,473166,68,656436,66145
CAMP-0119,PRD-377,3691930,159447,17,193322,39013
CAMP-0083,PRD-377,10135487,303154,12,135995,51579
CAMP-0058,PRD-377,1611670,69357,57,533120,19530
CAMP-0140,PRD-378,2298185,53301,38,427651,32702
CAMP-0143,PRD-378,7558970,352353,22,245170,54054
CAMP-0003,PRD-378,10888241,497846,30,310055,75151
CAMP-0170,PRD-378,2774856,49241,11,119745,19261
CAMP-0021,PRD-378,9467303,108016,48,601981,56975
CAMP-0098,PRD-378,729390,15450,49,618580,14397
CAMP-0029,PRD-378,5118439,241976,53,556795,62493
CAMP-0133,PRD-378,3463694,93140,11,147227,51901
CAMP-0122,PRD-378,9208779,129484,25,277227,52495
CAMP-0002,PRD-379,4194622,195944,85,820028,33122
CAMP-0068,PRD-379,2705931,76923,69,744006,20563
CAMP-0178,PRD-380,3282651,37185,67,525569,16593
CAMP-0077,PRD-380,12445089,146261,27,238154,75253
CAMP-0002,PRD-380,5717981,223405,84,701805,31645
CAMP-0031,PRD-380,10143181,149982,82,606069,79394
CAMP-0129,PRD-380,5950043,139131,11,96700,46674
CAMP-0103,PRD-380,986569,43700,50,374251,7223
CAMP-0137,PRD-380,4301897,62198,34,293972,67985
CAMP-0134,PRD-380,4571520,74063,63,455668,74627
CAMP-0042,PRD-381,5174482,218655,90,1213810,33650
CAMP-0160,PRD-381,11803871,147058,83,1203680,70327
CAMP-0169,PRD-381,1680270,69438,38,505463,10260
CAMP-0101,PRD-381,1102181,22936,68,1065982,15778
CAMP-0084,PRD-381,12897608,364792,62,941759,73274
CAMP-0107,PRD-382,1632451,58891,21,232481,21964
CAMP-0119,PRD-382,5628218,250544,39,425428,41751
CAMP-0093,PRD-382,1442797,65910,91,1091711,17287
CAMP-0082,PRD-382,4987527,241819,44,456911,50097
CAMP-0128,PRD-382,4098681,168521,73,918593,63038
CAMP-0124,PRD-382,8255640,201463,28,394949,62313
CAMP-0087,PRD-382,10883174,331624,17,238705,75504
CAMP-0068,PRD-382,5987591,99095,68,880884,37061
CAMP-0147,PRD-383,8411027,387141,93,324122,59538
CAMP-0185,PRD-383,7622955,351679,81,256470,56296
CAMP-0178,PRD-383,1179812,25398,34,121456,13165
CAMP-0035,PRD-383,1664003,16671,6,21544,27739
CAMP-0068,PRD-383,4565833,149813,93,336937,49935
CAMP-0181,PRD-383,6955418,317143,35,109951,53337
CAMP-0194,PRD-383,975480,43193,66,232019,10601
CAMP-0069,PRD-383,6512517,320749,49,188112,53307
CAMP-0172,PRD-384,5458280,235369,60,521440,31675
CAMP-0135,PRD-384,6406585,121322,17,140215,68664
CAMP-0133,PRD-384,3648087,85784,59,536110,25219
CAMP-0048,PRD-384,6764224,271764,14,116131,72676
CAMP-0071,PRD-384,2581628,63193,73,690284,31588
CAMP-0036,PRD-384,1995983,36110,39,356447,29430
CAMP-0137,PRD-385,3151863,48821,50,836264,28874
CAMP-0149,PRD-385,1414921,37709,69,1371162,7789
CAMP-0094,PRD-385,3070762,130399,67,996015,16724
CAMP-0163,PRD-385,4459066,95978,11,161726,31560
CAMP-0071,PRD-385,12923415,212950,100,1883200,67050
CAMP-0047,PRD-385,8873397,299204,15,290323,65520
CAMP-0035,PRD-385,5021862,84200,26,409256,25529
CAMP-0067,PRD-385,4849564,172537,8,134061,52472
CAMP-0153,PRD-385,8698868,270123,24,406144,69516
CAMP-0193,PRD-385,3905857,110966,42,631107,34487
CAMP-0157,PRD-385,3950119,114444,63,999898,32794
CAMP-0033,PRD-385,10673770,429711,7,112438,53860
CAMP-0018,PRD-386,3481644,142946,87,1041959,32772
CAMP-0061,PRD-386,7998305,291854,75,1103528,69380
CAMP-0175,PRD-386,2925531,50091,34,397267,32662
CAMP-0100,PRD-386,9720110,297173,38,553888,49035
CAMP-0122,PRD-386,6296174,132480,30,433117,36222
CAMP-0059,PRD-386,11355823,548251,96,1223551,75376
CAMP-0168,PRD-386,6128766,90332,72,1089316,35862
CAMP-0161,PRD-386,8417426,257072,72,1044578,52746
CAMP-0153,PRD-386,3931350,49883,73,1018200,21514
CAMP-0196,PRD-386,2174582,56170,86,1243666,29368
CAMP-0116,PRD-386,6506689,169871,39,533671,38548
CAMP-0176,PRD-386,2894655,91020,72,856539,30384
CAMP-0036,PRD-386,6298466,142028,77,1188329,51543
CAMP-0066,PRD-386,1739965,77340,98,1185877,12732
CAMP-0013,PRD-387,8043104,390055,94,914870,48437
CAMP-0059,PRD-387,2888862,110128,81,770981,22008
CAMP-0050,PRD-387,3114093,124323,58,572777,25184
CAMP-0135,PRD-387,7023413,103733,7,50886,35412
CAMP-0119,PRD-387,4667759,196098,88,655644,50910
CAMP-0053,PRD-387,13632822,159489,7,68114,77347
CAMP-0185,PRD-387,3064225,76835,56,477582,23248
CAMP-0133,PRD-387,3645838,55004,27,209779,18342
CAMP-0179,PRD-387,2110577,58661,77,590714,30098
CAMP-0187,PRD-388,5979791,142725,32,14164,70077
CAMP-0006,PRD-388,5553667,68177,51,19578,29381
CAMP-0181,PRD-388,1162022,35371,92,35252,6096
CAMP-0027,PRD-388,2638873,35952,21,8046,23169
CAMP-0104,PRD-388,4003635,116152,43,17280,24432
CAMP-0052,PRD-388,4714782,54793,11,4887,29530
CAMP-0165,PRD-388,1605491,57880,81,35827,14296
CAMP-0172,PRD-388,635605,14312,40,14228,5377
CAMP-0140,PRD-388,4997837,172220,85,31873,33371
CAMP-0133,PRD-388,5727986,175974,71,24631,56759
CAMP-0035,PRD-388,3853948,69447,26,8889,46390
CAMP-0098,PRD-389,12266893,142490,33,335234,76987
CAMP-0144,PRD-389,4200031,64993,44,430566,32659
CAMP-0014,PRD-389,2570361,92054,80,787610,13839
CAMP-0002,PRD-389,9742356,126967,89,935688,79215
CAMP-0162,PRD-389,1311245,15246,16,126686,13467
CAMP-0039,PRD-389,5123022,213084,93,799664,64416
CAMP-0101,PRD-389,2289242,45388,17,167660,24466
CAMP-0179,PRD-389,742665,18189,69,548733,5556
CAMP-0136,PRD-390,8432832,88573,10,33540,44781
CAMP-0172,PRD-390,10306170,337185,86,278521,57175
CAMP-0130,PRD-390,5207593,86166,22,64378,76964
CAMP-0175,PRD-390,10051737,327902,51,171089,62516
CAMP-0041,PRD-390,5922330,199933,82,253532,45892
CAMP-0191,PRD-390,6041782,61760,33,92961,31319
CAMP-0053,PRD-390,3997163,135350,33,90293,31550
CAMP-0060,PRD-390,6522007,284078,47,154298,35319
CAMP-0094,PRD-390,1519008,31240,31,105370,18894
CAMP-0106,PRD-390,1585850,44177,75,197302,12663
CAMP-0134,PRD-391,6704979,82111,81,1213880,40277
CAMP-0195,PRD-391,2939218,103939,18,247871,37246
CAMP-0155,PRD-391,4494850,122645,94,1592506,28521
CAMP-0143,PRD-391,7310143,264099,72,1079156,49242
CAMP-0057,PRD-391,7433166,288520,85,1105947,50827
CAMP-0072,PRD-391,7973768,242152,28,353921,41829
CAMP-0133,PRD-392,9144080,139919,46,710393,79228
CAMP-0127,PRD-392,4905163,133172,90,1759311,32859
CAMP-0154,PRD-392,5698190,71082,92,1686991,57633
CAMP-0164,PRD-392,4693431,145364,26,422155,40245
CAMP-0098,PRD-392,2288490,107139,92,1461441,44100
CAMP-0107,PRD-392,10426764,175453,73,1412368,55893
CAMP-0158,PRD-392,1393842,34922,38,587043,18799
CAMP-0062,PRD-392,6093915,303936,11,197097,58427
CAMP-0171,PRD-392,8414497,85021,16,312118,57581
CAMP-0021,PRD-392,2780641,135023,91,1509115,48167
CAMP-0061,PRD-392,5527998,200254,34,578184,37511
CAMP-0141,PRD-392,8691498,148986,21,344817,70686
CAMP-0047,PRD-392,1362537,61702,99,1472448,24224
CAMP-0110,PRD-392,572036,22987,38,633149,7945
CAMP-0119,PRD-393,961403,33380,17,274899,5393
CAMP-0007,PRD-393,1697019,51911,95,1506594,17686
CAMP-0071,PRD-393,3158872,46644,6,79574,40627
CAMP-0097,PRD-393,13023829,648210,64,825794,77402
CAMP-0190,PRD-393,3945690,145285,68,1123727,42830
CAMP-0145,PRD-393,4351558,112464,89,1455463,22777
CAMP-0044,PRD-393,4993048,158053,49,773981,45880
CAMP-0107,PRD-393,3237678,126192,79,1301128,21120
CAMP-0197,PRD-393,15449174,620014,9,132119,79557
CAMP-0089,PRD-393,9439782,215623,100,1455303,76089
CAMP-0058,PRD-393,8219955,227057,95,1537083,61582
CAMP-0183,PRD-394,2031839,36995,93,1365817,24445
CAMP-0028,PRD-394,7956989,357597,40,558682,73146
CAMP-0196,PRD-394,1854556,33843,40,628091,12954
CAMP-0038,PRD-394,760678,25592,47,654647,6462
CAMP-0139,PRD-394,12619128,445691,85,1198493,78591
CAMP-0123,PRD-395,7507447,177016,8,54678,65158
CAMP-0099,PRD-395,1278471,45066,15,104901,15048
CAMP-0162,PRD-395,8163348,397929,27,178737,54600
CAMP-0117,PRD-395,5195293,215120,6,39851,30693
CAMP-0082,PRD-396,3355565,60612,89,1813957,19923
CAMP-0151,PRD-396,5204435,171475,71,1265086,44317
CAMP-0094,PRD-396,7301654,233758,84,1508410,41219
CAMP-0136,PRD-396,2680345,60010,35,598387,21054
CAMP-0153,PRD-396,2838029,71660,6,101850,42610
CAMP-0140,PRD-396,2354030,62208,95,1848117,35964
CAMP-0146,PRD-396,10187217,190473,28,487662,53866
CAMP-0053,PRD-396,836089,28104,80,1433684,12064
CAMP-0057,PRD-396,4054799,148031,50,1063630,58046
CAMP-0081,PRD-396,3985069,98067,65,1209272,40501
CAMP-0163,PRD-396,7133320,184602,7,123359,44283
CAMP-0137,PRD-396,1892804,76618,37,664007,21942
CAMP-0046,PRD-397,3364429,109688,21,364491,54984
CAMP-0096,PRD-397,2911954,52482,78,1436606,24029
CAMP-0100,PRD-397,3645838,138622,34,552896,36710
CAMP-0191,PRD-397,4480894,131072,50,933012,24387
CAMP-0171,PRD-397,4445089,114498,78,1415351,27599
CAMP-0126,PRD-397,1092459,33020,15,284331,20497
CAMP-0139,PRD-397,4037620,120857,55,812031,66570
CAMP-0095,PRD-397,5189006,60958,45,704551,79529
CAMP-0069,PRD-397,1151541,37596,55,1039738,8268
CAMP-0099,PRD-397,12463171,352783,16,300094,70111
CAMP-0007,PRD-397,10143547,372325,85,1508843,61655
CAMP-0002,PRD-397,2770619,133143,18,308159,44711
CAMP-0099,PRD-398,629583,16389,98,436964,5696
CAMP-0115,PRD-398,6110667,169069,45,249010,70549
CAMP-0054,PRD-398,3347596,119750,75,348763,36509
CAMP-0084,PRD-399,6955239,140198,62,1169917,66519
CAMP-0024,PRD-399,4293453,137007,30,492129,28235
CAMP-0026,PRD-399,901813,12730,45,836967,5438
CAMP-0184,PRD-399,4851785,210005,83,1304477,38215
CAMP-0019,PRD-399,5754683,163522,76,1303130,29597
CAMP-0136,PRD-399,1302443,51787,88,1476082,12101
CAMP-0100,PRD-399,6521727,93939,5,80477,47138
CAMP-0135,PRD-399,7933570,384672,59,1122388,45844
CAMP-0092,PRD-399,5300833,185614,52,949455,77167
CAMP-0031,PRD-399,3727719,110525,63,1186282,26728
CAMP-0142,PRD-399,12430455,298595,24,431018,65693
CAMP-0106,PRD-400,12685554,612297,95,1254413,69691
CAMP-0149,PRD-400,3118260,92822,91,1283820,51420
CAMP-0097,PRD-400,4845228,63060,51,653398,24656
CAMP-0014,PRD-400,10169294,169699,77,930221,63872
CAMP-0064,PRD-400,2492232,43525,19,235687,15812
CAMP-0148,PRD-400,4573714,124698,51,734318,55474
CAMP-0200,PRD-400,1531122,47526,100,1210739,8263
CAMP-0118,PRD-400,3510924,37925,95,1248642,45832
CAMP-0042,PRD-400,7461309,76145,82,1070927,38752
CAMP-0139,PRD-400,5433448,89658,40,528041,74204
CAMP-0026,PRD-400,764112,11446,23,315764,14407
CAMP-0183,PRD-400,1019350,11766,18,256367,9113
CAMP-0089,PRD-400,4346255,46978,41,512774,46299
CAMP-0142,PRD-401,4898351,147103,39,568986,30692
CAMP-0055,PRD-401,9899403,224271,88,1334553,53646
CAMP-0005,PRD-401,3269012,101234,51,884124,19467
CAMP-0048,PRD-401,1692906,44817,10,166906,15691
CAMP-0191,PRD-401,11469374,562738,65,985685,63715
CAMP-0126,PRD-401,7179624,108458,36,553537,66410
CAMP-0175,PRD-402,11467770,251422,5,18639,64074
CAMP-0118,PRD-402,2172013,32280,15,52809,30361
CAMP-0062,PRD-402,1779723,23968,6,18114,10438
CAMP-0099,PRD-402,10995498,376726,86,288342,72395
CAMP-0074,PRD-402,463035,12951,62,199254,5591
CAMP-0042,PRD-402,10012332,267988,10,36504,71748
CAMP-0083,PRD-402,7295677,303145,21,59296,75697
CAMP-0097,PRD-402,4371702,90251,10,33026,24564
CAMP-0057,PRD-402,5746517,201691,29,86697,52214
CAMP-0170,PRD-403,3216613,54301,32,109788,22971
CAMP-0154,PRD-403,1393155,66571,86,232480,13723
CAMP-0046,PRD-403,5766425,133842,91,279379,69496
CAMP-0150,PRD-403,4565547,57539,58,165473,41869
CAMP-0082,PRD-403,11624972,398954,12,41410,79833
CAMP-0133,PRD-403,5635077,172764,88,278752,47249
CAMP-0085,PRD-403,4644658,120660,94,260338,36392
CAMP-0127,PRD-403,624340,19417,44,154656,5941
CAMP-0066,PRD-403,5132064,200226,54,140176,54136
CAMP-0058,PRD-403,9773412,118587,5,13766,70505
CAMP-0110,PRD-404,1317358,52761,44,804381,11296
CAMP-0002,PRD-404,10039673,217060,90,1368981,78311
CAMP-0161,PRD-404,4040653,84677,37,564465,23523
CAMP-0141,PRD-404,2467992,92442,56,965205,38496
CAMP-0052,PRD-404,5346450,141392,100,1612830,77561
CAMP-0160,PRD-404,1959368,92639,65,1017436,21583
CAMP-0019,PRD-404,1004310,26633,96,1715108,7111
CAMP-0159,PRD-404,3600319,66726,95,1580806,49167
CAMP-0135,PRD-404,3344101,93660,35,525851,25428
CAMP-0085,PRD-404,3524157,40120,39,694434,26615
CAMP-0178,PRD-404,9346276,317403,20,377277,47845
CAMP-0188,PRD-404,4179798,167354,84,1531502,55908
CAMP-0192,PRD-404,11188483,477187,75,1182048,61778
CAMP-0039,PRD-404,8234476,229080,43,784104,66397
CAMP-0017,PRD-405,1808035,70092,64,376538,10382
CAMP-0147,PRD-405,2185267,24405,58,316692,18531
CAMP-0119,PRD-405,2597234,65189,43,259758,19459
CAMP-0156,PRD-405,1546074,34892,53,277141,29077
CAMP-0193,PRD-405,6835664,198145,65,336304,77529
CAMP-0190,PRD-405,11477121,218456,85,413395,71627
CAMP-0058,PRD-405,2387172,53444,30,169943,17931
CAMP-0001,PRD-405,13116646,472449,72,382408,66085
CAMP-0110,PRD-405,5188369,219958,38,212254,28429
CAMP-0036,PRD-405,2456813,112508,66,357736,44007
CAMP-0016,PRD-405,3940353,131853,100,490964,51555
CAMP-0023,PRD-405,2903833,109543,93,516056,50897
CAMP-0167,PRD-406,9031889,231411,67,665288,62800
CAMP-0116,PRD-406,2297070,92588,44,592592,35855
CAMP-0142,PRD-406,5316246,97197,85,936830,78486
CAMP-0049,PRD-406,7468114,172376,67,739616,76468
CAMP-0030,PRD-406,5198599,123913,46,571612,32347
CAMP-0138,PRD-406,9955191,209094,36,395777,72344
CAMP-0041,PRD-406,4955396,114340,14,141541,24971
CAMP-0172,PRD-406,8290222,198146,39,452621,57591
CAMP-0163,PRD-406,7611803,83738,43,544558,47010
CAMP-0097,PRD-406,1382504,47740,69,860720,8588
CAMP-0047,PRD-406,1058127,52344,56,742691,15868
CAMP-0174,PRD-406,12042860,326044,36,370860,64700
CAMP-0145,PRD-407,1038121,13966,71,1055432,8008
CAMP-0118,PRD-407,1408416,52356,83,1075420,14551
CAMP-0001,PRD-407,8180812,335938,98,1352464,69123
CAMP-0160,PRD-407,7158514,289256,9,147189,45169
CAMP-0002,PRD-407,7302416,148747,74,1183948,76463
CAMP-0116,PRD-407,6093231,79095,73,894618,44149
CAMP-0147,PRD-407,1216101,20561,47,604890,10578
CAMP-0029,PRD-407,6465045,111575,40,613249,47454
CAMP-0174,PRD-407,3938079,75973,12,157151,19770
CAMP-0059,PRD-408,4702210,95595,26,275220,70757
CAMP-0078,PRD-408,4670232,171978,27,248022,65958
CAMP-0159,PRD-408,4008175,77882,76,762658,41920
CAMP-0073,PRD-408,12463296,278232,60,471597,73244
CAMP-0103,PRD-408,7751942,174982,9,89934,39716
CAMP-0060,PRD-408,5900998,176081,72,689516,46929
CAMP-0004,PRD-408,8212408,112245,89,788404,67700
CAMP-0196,PRD-409,974574,36816,100,788477,12995
CAMP-0047,PRD-409,381668,4857,84,716439,5243
CAMP-0070,PRD-409,1573489,30681,100,848058,9332
CAMP-0199,PRD-410,4696817,143009,79,395687,46693
CAMP-0001,PRD-410,1394410,31061,70,421905,24383
CAMP-0142,PRD-410,7366595,179776,7,33516,44034
CAMP-0089,PRD-410,1818109,67653,30,182013,10782
CAMP-0008,PRD-410,10192380,149920,93,489480,72927
CAMP-0102,PRD-410,8166326,112885,37,215458,50801
CAMP-0047,PRD-410,3542315,92189,16,87848,54233
CAMP-0198,PRD-410,3989754,162824,74,368870,60124
CAMP-0161,PRD-410,1852410,71505,74,475873,12725
CAMP-0143,PRD-410,4880287,199359,13,63202,79163
CAMP-0011,PRD-410,3322951,162363,23,127878,25454
CAMP-0144,PRD-410,5375672,250487,6,30198,53777
CAMP-0036,PRD-411,5561098,221432,58,768248,57681
CAMP-0038,PRD-411,2622823,90932,60,709857,36016
CAMP-0026,PRD-411,4960992,114370,17,217859,51215
CAMP-0093,PRD-411,6291530,71023,79,942275,33017
CAMP-0198,PRD-411,3446430,100796,69,1060837,51080
CAMP-0155,PRD-411,2883035,121684,37,447442,57393
CAMP-0062,PRD-411,8972854,315568,69,974148,56015
CAMP-0105,PRD-411,2147384,81688,54,650422,25898
CAMP-0125,PRD-411,2472841,64377,55,751989,25701
CAMP-0197,PRD-411,9168770,111798,44,554108,49394
CAMP-0176,PRD-411,4891189,112022,20,278112,41925
CAMP-0063,PRD-411,7534137,149927,11,148543,38299
CAMP-0126,PRD-412,10282605,376738,79,1689641,58498
CAMP-0082,PRD-412,7548300,324193,83,1374596,76088
CAMP-0129,PRD-412,5186033,79560,27,487673,37317
CAMP-0172,PRD-413,7001737,227273,7,58706,43137
CAMP-0165,PRD-413,4166572,170559,12,116841,47898
CAMP-0102,PRD-413,2220074,56300,51,517883,19976
CAMP-0018,PRD-413,2994653,53850,34,263510,19373
CAMP-0089,PRD-414,5286029,212158,19,202900,69400
CAMP-0155,PRD-414,2629099,121694,68,708270,20242
CAMP-0042,PRD-414,6578700,136672,45,442437,49596
CAMP-0081,PRD-415,8234603,183834,68,353745,56834
CAMP-0116,PRD-415,4021320,150002,38,175282,31844
CAMP-0098,PRD-415,2914436,51287,32,170642,19849
CAMP-0066,PRD-415,3903382,40661,31,143718,20156
CAMP-0107,PRD-415,7704261,141341,51,229807,61370
CAMP-0096,PRD-415,4249344,100790,75,330036,75333
CAMP-0058,PRD-415,2645324,107122,95,433296,39735
CAMP-0170,PRD-415,1865547,33396,16,70436,16447
CAMP-0108,PRD-415,2280229,84996,90,358898,17983
CAMP-0163,PRD-415,8323421,233381,98,397772,66430
CAMP-0065,PRD-416,7774052,144734,50,935688,52769
CAMP-0161,PRD-416,3887199,73350,57,982173,20159
CAMP-0105,PRD-416,1247532,46306,79,1320853,9127
CAMP-0032,PRD-416,11880265,440973,98,1823831,69592
CAMP-0141,PRD-416,2536710,108631,24,384527,25503
CAMP-0150,PRD-416,1904307,29479,24,374869,28664
CAMP-0074,PRD-416,12245031,602709,84,1334451,78572
CAMP-0080,PRD-416,7053878,274858,90,1630257,39805
CAMP-0060,PRD-417,15051998,654412,84,843107,76981
CAMP-0182,PRD-417,1983879,21487,78,816541,17621
CAMP-0104,PRD-417,1460595,64016,68,704621,12713
CAMP-0068,PRD-417,15310182,750499,80,923472,78949
CAMP-0043,PRD-417,9892402,442796,59,703617,60955
CAMP-0194,PRD-417,8901516,142918,95,1211588,73249
CAMP-0144,PRD-417,6204882,94303,28,280784,46338
CAMP-0163,PRD-417,3754632,152572,19,231574,50836
CAMP-0139,PRD-417,8539785,350132,83,899122,46740
CAMP-0065,PRD-417,958275,16254,79,926496,6742
CAMP-0124,PRD-417,6689236,300845,11,116608,79367
CAMP-0132,PRD-417,6015456,210297,6,70643,66075
CAMP-0069,PRD-417,9523109,438681,57,743183,53354
CAMP-0088,PRD-417,13580532,443012,27,307152,76557
CAMP-0142,PRD-417,1859493,57861,19,244320,16472
CAMP-0053,PRD-418,5711604,59232,15,227242,66760
CAMP-0128,PRD-418,3610445,154436,15,271768,34460
CAMP-0149,PRD-418,5011704,93270,29,513564,26500
CAMP-0035,PRD-418,1434891,68713,49,928895,10075
CAMP-0108,PRD-418,2044988,55522,89,1789235,35915
CAMP-0054,PRD-418,6047676,220754,61,1209880,38971
CAMP-0145,PRD-418,6258962,197610,64,1307129,56933
CAMP-0083,PRD-418,1265252,34297,53,948974,13777
CAMP-0095,PRD-418,1317045,62613,72,1274336,6677
CAMP-0111,PRD-418,4703284,214892,66,1005691,75795
CAMP-0048,PRD-419,940796,20907,48,579675,11331
CAMP-0044,PRD-419,3073814,31519,77,1107800,21416
CAMP-0006,PRD-419,10282290,190779,30,392149,69379
CAMP-0047,PRD-419,2744905,109230,32,438619,48190
CAMP-0146,PRD-419,1294195,26081,50,573698,6788
CAMP-0072,PRD-419,5978648,185324,34,426270,54360
CAMP-0058,PRD-419,2826132,45613,23,265232,19026
CAMP-0032,PRD-419,5216579,215342,67,994516,72769
CAMP-0069,PRD-419,4202371,166632,95,1372026,73400
CAMP-0073,PRD-420,5087918,85270,69,1368553,46258
CAMP-0116,PRD-420,11231777,169277,47,823974,67505
CAMP-0115,PRD-420,872060,18940,91,1911175,7441
CAMP-0130,PRD-420,5958583,208611,63,1292255,32753
CAMP-0172,PRD-420,4451468,81755,93,1941654,45536
CAMP-0137,PRD-420,7367666,212969,22,426351,48269
CAMP-0198,PRD-420,10371090,185468,17,283474,76755
CAMP-0026,PRD-420,4671159,123866,42,653309,38196
CAMP-0043,PRD-420,2064577,30525,82,1559772,15975
CAMP-0087,PRD-420,8004992,185612,9,157420,67820
CAMP-0166,PRD-420,4916168,207449,64,1017448,44527
CAMP-0078,PRD-420,3502110,129365,74,1261958,56157
CAMP-0099,PRD-421,1963879,29330,56,819369,20002
CAMP-0097,PRD-421,5233441,110053,19,276393,37801
CAMP-0101,PRD-421,8025192,102103,66,993372,77678
CAMP-0099,PRD-422,9410869,101770,90,379612,62921
CAMP-0190,PRD-422,5281830,197557,15,62079,27791
CAMP-0086,PRD-422,474388,16438,75,303517,6867
CAMP-0159,PRD-422,6347545,296332,83,399817,74395
CAMP-0003,PRD-422,8945417,115545,81,398418,78506
CAMP-0007,PRD-422,2427479,119316,79,317340,46527
CAMP-0019,PRD-422,697653,33173,52,279572,10460
CAMP-0137,PRD-422,3886914,53891,75,366389,41055
CAMP-0059,PRD-422,11231947,415317,67,329377,72383
CAMP-0154,PRD-422,3266473,156165,86,420848,52632
CAMP-0178,PRD-422,6125331,197264,30,162707,60054
CAMP-0073,PRD-422,1295476,27682,100,430014,15880
CAMP-0130,PRD-422,1647231,38390,33,154801,19268
CAMP-0162,PRD-423,2393402,46094,29,11903,17885
CAMP-0129,PRD-423,2301003,42208,6,2279,20352
CAMP-0185,PRD-423,8764723,145370,64,30889,48843
CAMP-0087,PRD-423,2677788,82963,6,2286,16761
CAMP-0125,PRD-423,2741472,133846,19,7040,24270
CAMP-0184,PRD-423,6721891,285688,59,29004,50009
CAMP-0191,PRD-423,11424053,278145,90,42468,62958
CAMP-0052,PRD-423,3371066,99305,31,14891,30050
CAMP-0176,PRD-423,10639290,352370,15,6349,60537
CAMP-0144,PRD-423,9980949,126930,68,31581,59882
CAMP-0075,PRD-423,14693288,649952,32,12026,73993
CAMP-0193,PRD-423,1418184,31174,42,15654,10450
CAMP-0031,PRD-423,1467129,66175,56,27889,9035
CAMP-0077,PRD-423,7767838,166742,23,10080,60873
CAMP-0007,PRD-423,3838276,138663,96,43755,40592
CAMP-0141,PRD-424,1440552,28794,54,197824,10436
CAMP-0075,PRD-424,5141004,96975,100,481740,50056
CAMP-0121,PRD-424,840831,28242,33,140248,16145
CAMP-0001,PRD-424,4320747,91513,48,190931,21940
CAMP-0039,PRD-424,7522268,331730,63,250492,71267
CAMP-0178,PRD-424,7382111,206817,57,219540,37052
CAMP-0186,PRD-424,7215546,124719,13,47945,38630
CAMP-0020,PRD-424,7337460,337818,40,181632,60004
CAMP-0052,PRD-424,10655411,203443,36,172126,70563
CAMP-0195,PRD-424,2900592,95713,77,378963,23981
CAMP-0119,PRD-424,10121856,471948,76,333666,77378
CAMP-0165,PRD-424,4040458,148632,76,282702,60483
CAMP-0011,PRD-425,2958043,50060,8,80162,19417
CAMP-0120,PRD-425,264699,4487,46,576301,5000
CAMP-0087,PRD-425,2892254,78180,50,513713,29390
CAMP-0073,PRD-425,1362089,23581,33,433927,9332
CAMP-0168,PRD-425,1065005,31263,66,670407,9376
CAMP-0130,PRD-425,8369126,401306,89,1024368,46195
CAMP-0158,PRD-425,3739090,53684,31,323892,38177
CAMP-0166,PRD-425,1337807,50089,95,1161237,8608
CAMP-0125,PRD-425,4614402,60255,92,1206619,23833
CAMP-0197,PRD-425,2587047,102986,16,204516,17761
CAMP-0167,PRD-426,7077426,88315,26,254478,54839
CAMP-0130,PRD-426,3326808,70811,15,178289,46817
CAMP-0048,PRD-426,3751483,39829,68,660573,61252
CAMP-0042,PRD-426,2970673,62106,52,551245,19260
CAMP-0128,PRD-426,10837023,225988,63,654398,62299
CAMP-0060,PRD-426,4118620,139780,99,926085,22916
CAMP-0058,PRD-426,1667062,55186,24,274346,17477
CAMP-0080,PRD-426,1110127,28167,28,315024,7194
CAMP-0154,PRD-426,2419869,57708,63,676567,44454
CAMP-0001,PRD-426,1147011,26891,35,334170,22651
CAMP-0007,PRD-426,10129306,335134,79,915373,59282
CAMP-0163,PRD-427,5880721,171038,98,1620141,47540
CAMP-0161,PRD-427,2378439,85557,36,519381,34206
CAMP-0095,PRD-427,2002372,84138,91,1357337,28079
CAMP-0017,PRD-427,10929641,376999,81,1128289,57053
CAMP-0133,PRD-427,7353124,291762,17,275690,42927
CAMP-0127,PRD-427,1112412,54404,42,527829,7977
CAMP-0071,PRD-427,973370,9785,45,600290,14920
CAMP-0065,PRD-427,11608133,458484,59,978926,61389
CAMP-0027,PRD-428,1814440,40147,39,432520,15198
CAMP-0198,PRD-428,7390575,312530,20,252111,45465
CAMP-0022,PRD-428,3579385,118012,88,1137170,18518
CAMP-0038,PRD-428,7826299,217547,47,496727,61278
CAMP-0099,PRD-428,2101266,54657,90,923269,27139
CAMP-0069,PRD-428,9011004,131322,27,297973,51537
CAMP-0032,PRD-428,1029935,20761,26,289663,11272
CAMP-0044,PRD-428,2125338,54449,49,489329,40771
CAMP-0111,PRD-429,1777402,71229,34,256067,22187
CAMP-0166,PRD-429,5112354,223568,9,65616,67263
CAMP-0090,PRD-429,4443636,70743,27,191089,50909
CAMP-0163,PRD-429,2928661,78644,70,543488,22736
CAMP-0030,PRD-429,8704669,265388,63,445102,44167
CAMP-0127,PRD-429,4509484,89684,68,531464,46913
CAMP-0174,PRD-429,5205267,155594,68,498168,47100
CAMP-0188,PRD-429,7928507,185491,5,37659,39818
CAMP-0185,PRD-429,12328365,551883,99,668257,79259
CAMP-0192,PRD-429,2736187,42562,60,381410,15546
CAMP-0024,PRD-429,3556064,71881,59,450949,42546
CAMP-0083,PRD-429,1299857,51581,58,451513,22552
CAMP-0118,PRD-429,1457895,45844,74,442143,17250
CAMP-0016,PRD-430,4005211,134792,18,303759,67313
CAMP-0172,PRD-430,6338489,119371,45,813627,59612
CAMP-0190,PRD-431,7311732,361584,77,1003522,60494
CAMP-0113,PRD-431,6176215,89043,10,116587,77673
CAMP-0185,PRD-431,13821245,158907,13,197106,71498
CAMP-0045,PRD-431,5843956,277157,72,922336,70559
CAMP-0145,PRD-431,13035267,446039,67,993187,67690
CAMP-0169,PRD-431,3675553,54467,43,481472,39595
CAMP-0006,PRD-431,2517804,30034,68,818543,27860
CAMP-0061,PRD-431,2052002,60351,37,476385,20983
CAMP-0157,PRD-431,4746485,176392,79,1152315,76312
CAMP-0060,PRD-431,10015520,405865,5,67581,68331
CAMP-0029,PRD-431,4711458,142198,33,443653,59300
CAMP-0004,PRD-431,11842418,179247,73,968715,76964
CAMP-0106,PRD-431,1332758,54527,27,320262,13396
CAMP-0176,PRD-432,4100331,76658,76,831426,51305
CAMP-0074,PRD-432,3969973,165878,100,954045,54682
CAMP-0133,PRD-432,2717366,118808,28,231777,34328
CAMP-0108,PRD-432,8742874,243547,15,135519,47722
CAMP-0002,PRD-432,3304984,150032,64,622883,19567
CAMP-0159,PRD-432,14012546,441582,79,765592,73516
CAMP-0042,PRD-432,2959034,133203,15,137657,46423
CAMP-0069,PRD-432,3324979,154746,100,1116625,47849
CAMP-0087,PRD-432,3524249,161578,91,947735,57187
CAMP-0072,PRD-432,2742200,29207,5,40769,21824
CAMP-0028,PRD-433,791575,10715,79,1148796,7500
CAMP-0121,PRD-433,9925346,288254,76,1260612,77422
CAMP-0067,PRD-433,9349036,291877,5,78686,55134
CAMP-0092,PRD-433,9118435,147806,43,663290,54458
CAMP-0006,PRD-433,1029159,32462,6,99057,14647
CAMP-0171,PRD-433,10725574,457637,98,1591320,65007
CAMP-0071,PRD-433,1538247,64452,54,781924,13802
CAMP-0050,PRD-433,7840458,329519,80,1108667,49638
CAMP-0175,PRD-433,11525056,412842,66,1084485,62322
CAMP-0039,PRD-433,8041350,386661,39,558983,54727
CAMP-0143,PRD-433,5198904,139737,55,783334,32132
CAMP-0116,PRD-433,7128729,159928,50,913629,38027
CAMP-0089,PRD-433,9057251,242017,12,179958,66659
CAMP-0165,PRD-433,3497292,76337,67,999655,46817
CAMP-0138,PRD-434,8105360,161998,94,1772825,62961
CAMP-0170,PRD-434,3209723,158080,26,458595,41880
CAMP-0095,PRD-434,5936100,79769,74,1245600,35202
CAMP-0031,PRD-434,3068645,50289,87,1646765,56070
CAMP-0011,PRD-434,15434240,456305,45,689095,77869
CAMP-0029,PRD-434,1072248,17603,81,1451834,8514
CAMP-0177,PRD-434,4185304,89091,28,512471,21786
CAMP-0155,PRD-434,4854761,72379,70,1201129,46125
CAMP-0036,PRD-435,2664966,103930,85,997354,24518
CAMP-0142,PRD-435,1544410,21539,19,214037,26042
CAMP-0094,PRD-435,4406826,112031,85,946907,52319
CAMP-0044,PRD-435,7776473,99146,87,834853,76859
CAMP-0113,PRD-435,1669830,61944,81,830345,28592
CAMP-0172,PRD-435,2444079,25648,34,329497,34816
CAMP-0143,PRD-435,4278078,115848,49,512431,49085
CAMP-0196,PRD-435,4053383,137349,64,751378,35100
CAMP-0043,PRD-435,886538,19280,94,1005324,12464
CAMP-0099,PRD-435,672648,16821,72,678539,8970
CAMP-0118,PRD-435,13586111,480021,65,787968,70804
CAMP-0181,PRD-435,13261271,324820,52,512326,69447
CAMP-0155,PRD-436,441621,14021,47,789386,5313
CAMP-0068,PRD-436,2820678,95730,59,937942,19078
CAMP-0027,PRD-436,1127820,53065,49,818630,5756
CAMP-0169,PRD-436,1035063,51292,21,379957,20313
CAMP-0015,PRD-437,1381597,40952,7,26911,14724
CAMP-0134,PRD-437,5166160,142464,41,154704,31500
CAMP-0121,PRD-437,1504358,64505,91,326584,22177
CAMP-0043,PRD-438,3607147,44625,67,117430,58133
CAMP-0015,PRD-438,3573432,149604,57,85489,32618
CAMP-0080,PRD-438,11413966,531042,17,26043,72074
CAMP-0124,PRD-438,3118440,35140,9,16597,23946
CAMP-0012,PRD-438,7250292,335083,85,149540,43293
CAMP-0182,PRD-438,7606147,131478,15,27941,40414
CAMP-0075,PRD-438,1025891,26154,75,117697,15369
CAMP-0057,PRD-438,1059388,36678,30,53714,12102
CAMP-0136,PRD-438,4861892,115438,70,136177,35217
CAMP-0050,PRD-438,2174399,68130,100,164303,11862
CAMP-0101,PRD-438,2452575,36001,100,189931,19213
CAMP-0188,PRD-438,945493,24276,35,50513,7412
CAMP-0059,PRD-438,2593606,69804,42,61709,18912
CAMP-0197,PRD-438,4566914,118280,47,82048,40662
CAMP-0078,PRD-439,3602826,85598,84,282129,46322
CAMP-0032,PRD-439,11834474,367272,56,192750,77213
CAMP-0190,PRD-439,12355932,154606,14,43712,61837
CAMP-0171,PRD-439,7956921,90712,75,220568,77311
CAMP-0074,PRD-439,1800681,25039,25,86080,9462
CAMP-0039,PRD-439,2305448,62562,23,80361,13630
CAMP-0083,PRD-440,10426951,120860,52,649511,67923
CAMP-0031,PRD-440,820410,10641,62,784165,8410
CAMP-0005,PRD-440,10109384,495921,10,144042,59505
CAMP-0050,PRD-441,891310,25467,39,516800,15478
CAMP-0101,PRD-441,2779890,110765,93,1390241,26300
CAMP-0109,PRD-441,2190005,47874,57,836462,29522
CAMP-0192,PRD-441,1752581,34325,42,631563,31538
CAMP-0199,PRD-441,5526919,178646,100,1676207,40295
CAMP-0160,PRD-441,2869763,95618,98,1427503,19488
CAMP-0195,PRD-441,7144952,84356,22,335123,66700
CAMP-0061,PRD-441,9913556,201252,15,204797,61899
CAMP-0172,PRD-442,5211753,117892,17,229332,28837
CAMP-0027,PRD-442,3091409,77124,80,1408789,32741
CAMP-0182,PRD-442,1175654,34041,6,93436,6578
CAMP-0192,PRD-442,2415418,24470,93,1310126,46561
CAMP-0035,PRD-442,6771906,235170,48,794133,39321
CAMP-0105,PRD-442,6971364,308463,50,702186,45627
CAMP-0012,PRD-442,12700533,239185,38,545823,69328
CAMP-0117,PRD-442,5379366,196624,61,991607,46698
CAMP-0024,PRD-442,1712588,72584,57,765666,22006
CAMP-0098,PRD-442,7051966,98323,100,1458888,52025
CAMP-0183,PRD-442,6103502,81753,89,1236045,36205
CAMP-0126,PRD-442,6259762,76329,20,329474,46341
CAMP-0006,PRD-442,6857127,206126,80,1041441,70597
CAMP-0145,PRD-443,6358777,207548,12,211907,34627
CAMP-0147,PRD-443,3589620,164028,42,696476,53326
CAMP-0139,PRD-443,1633941,33394,46,880613,28149
CAMP-0050,PRD-443,1662896,22049,70,1219340,28154
CAMP-0136,PRD-444,4854556,233802,63,219568,75125
CAMP-0194,PRD-444,8414378,244383,60,174542,48806
CAMP-0036,PRD-444,4207283,88771,11,40677,29423
CAMP-0076,PRD-444,7970731,157172,29,93745,56356
CAMP-0160,PRD-444,9452947,196497,77,287985,65977
CAMP-0082,PRD-444,3075559,52255,71,250441,38669
CAMP-0138,PRD-444,3725524,96730,68,211982,42957
CAMP-0002,PRD-444,3067497,100647,24,75116,53573
CAMP-0090,PRD-444,5506077,222247,58,192988,47588
CAMP-0112,PRD-444,2625767,50911,57,177944,18503
CAMP-0078,PRD-444,4816982,111095,42,143075,29226
CAMP-0003,PRD-445,6272553,169720,63,115229,69914
CAMP-0152,PRD-445,8547463,123931,72,150350,70344
CAMP-0041,PRD-445,10728523,329319,93,181584,63636
CAMP-0166,PRD-445,2348343,88068,48,103097,15367
CAMP-0132,PRD-445,2507941,48014,35,71671,29697
CAMP-0058,PRD-445,2382248,40280,63,113981,16676
CAMP-0061,PRD-445,4586635,212566,84,166066,47979
CAMP-0060,PRD-445,2472439,105567,68,154169,19057
CAMP-0136,PRD-445,2043672,89779,46,93320,24446
CAMP-0062,PRD-446,6913933,195439,36,404016,51645
CAMP-0005,PRD-446,11122687,319832,21,217166,70765
CAMP-0116,PRD-446,2434208,103646,11,108025,44427
CAMP-0091,PRD-446,10460443,500291,75,692317,75242
CAMP-0011,PRD-446,5208726,92407,92,808254,40911
CAMP-0189,PRD-446,9036476,160937,20,217826,59542
CAMP-0127,PRD-446,7418101,270539,35,367229,48691
CAMP-0141,PRD-446,6284463,160712,53,587802,35197
CAMP-0089,PRD-446,1254148,42168,6,56413,16822
CAMP-0194,PRD-446,7686654,247368,26,250333,63836
CAMP-0008,PRD-446,7650405,117397,84,796025,40254
CAMP-0163,PRD-446,1713199,73937,54,496441,18544
CAMP-0140,PRD-447,3801000,55872,78,1115917,45084
CAMP-0158,PRD-447,12932112,626110,97,1515367,65232
CAMP-0124,PRD-447,4473902,137633,26,424119,77208
CAMP-0171,PRD-447,7747462,80944,77,1282800,57845
CAMP-0065,PRD-447,9487516,434882,86,1157555,78627
CAMP-0197,PRD-447,7351072,177338,53,735321,78889
CAMP-0199,PRD-447,1862070,70019,65,1070456,20512
CAMP-0168,PRD-447,4924404,99150,57,784191,79918
CAMP-0132,PRD-447,3171603,140703,29,454091,20921
CAMP-0187,PRD-447,2154372,64682,66,919067,40282
CAMP-0151,PRD-447,7697235,200676,36,451325,41051
CAMP-0198,PRD-448,6696641,245010,46,184859,67899
CAMP-0080,PRD-448,7437702,317873,39,150255,40441
CAMP-0004,PRD-448,1620791,74200,14,50903,13462
CAMP-0059,PRD-448,5705743,131216,26,98105,77361
CAMP-0119,PRD-448,2173245,72576,47,187121,11883
CAMP-0173,PRD-448,14986954,194512,100,298995,77225
CAMP-0035,PRD-449,1773481,62558,36,515456,11622
CAMP-0065,PRD-449,4955451,61069,79,1356258,46810
CAMP-0137,PRD-450,6020021,171999,79,720122,49172
CAMP-0046,PRD-450,10110060,188833,83,998579,77152
CAMP-0179,PRD-451,7365572,127623,13,4422,71058
CAMP-0143,PRD-451,12188438,510700,10,3666,74400
CAMP-0182,PRD-451,527969,6525,20,6631,5899
CAMP-0083,PRD-451,1582568,22203,7,2127,27544
CAMP-0066,PRD-452,5402426,197147,56,871491,31275
CAMP-0076,PRD-452,5097341,85380,99,1457524,72579
CAMP-0067,PRD-452,1529649,34407,41,713471,8893
CAMP-0130,PRD-452,2511096,39896,83,1257954,27278
CAMP-0086,PRD-452,8403433,330672,53,931443,47613
CAMP-0149,PRD-452,2881721,116699,70,1114024,47462
CAMP-0035,PRD-452,9220617,310390,26,375981,76495
CAMP-0111,PRD-453,12769839,442931,63,374453,71992
CAMP-0086,PRD-453,4740394,88998,8,55575,26731
CAMP-0041,PRD-453,5665591,259911,94,708795,40959
CAMP-0143,PRD-453,4083363,158812,62,424567,78240
CAMP-0115,PRD-453,3694752,41211,95,590106,56584
CAMP-0056,PRD-453,3497150,123743,98,700072,27885
CAMP-0156,PRD-453,11573062,208610,19,138301,63191
CAMP-0194,PRD-453,8049980,144076,88,668097,63822
CAMP-0076,PRD-453,8413390,284692,69,472096,68325
CAMP-0165,PRD-454,8579466,211528,62,261538,60268
CAMP-0019,PRD-454,841575,24562,74,293929,12441
CAMP-0005,PRD-454,7381225,364708,86,307817,39435
CAMP-0162,PRD-454,7057903,313482,59,276167,70154
CAMP-0158,PRD-454,5002344,143453,15,55409,52928
CAMP-0009,PRD-454,3580097,120428,59,209033,25147
CAMP-0085,PRD-454,9030451,321747,39,154203,76897
CAMP-0002,PRD-454,3913946,100226,58,231677,22257
CAMP-0108,PRD-454,1432807,66787,39,176336,12215
CAMP-0109,PRD-454,4007704,56970,99,383511,31731
CAMP-0141,PRD-454,3004552,115368,50,177463,27265
CAMP-0084,PRD-454,4770735,139904,19,80491,57801
CAMP-0181,PRD-454,8268066,230715,90,349385,57122
CAMP-0113,PRD-454,3126822,105294,7,30494,19795
CAMP-0031,PRD-454,7441181,290274,78,276239,57876
CAMP-0064,PRD-455,1093577,21114,82,1300652,12157
CAMP-0198,PRD-455,10012777,225378,89,1659790,72194
CAMP-0137,PRD-455,1181466,52281,100,1767590,7660
CAMP-0048,PRD-455,2619897,49122,93,1375267,36807
CAMP-0120,PRD-455,8930109,177422,12,197341,59197
CAMP-0109,PRD-455,1702163,21958,71,1247257,21651
CAMP-0178,PRD-455,8969022,388728,52,858236,77208
CAMP-0023,PRD-456,5679146,214078,13,55705,57770
CAMP-0011,PRD-456,8791677,414286,17,74582,50191
CAMP-0146,PRD-456,3891042,52711,95,428739,20174
CAMP-0047,PRD-456,2922150,54228,12,53738,41059
CAMP-0017,PRD-456,393340,4040,10,40713,6487
CAMP-0098,PRD-456,2474590,40940,19,91346,16978
CAMP-0178,PRD-456,14374409,168952,21,98851,76293
CAMP-0151,PRD-457,6300555,240692,98,809685,38637
CAMP-0109,PRD-457,457499,15889,94,863786,5604
CAMP-0143,PRD-457,2795520,70378,15,127569,23104
CAMP-0016,PRD-457,5837160,260010,69,503985,40635
CAMP-0104,PRD-457,2864106,124195,55,448447,16688
CAMP-0120,PRD-457,2897413,85172,56,506989,15006
CAMP-0050,PRD-457,3060062,61205,81,568644,43895
CAMP-0113,PRD-457,4279343,45844,61,416081,34249
CAMP-0004,PRD-457,4065448,72920,64,508676,33462
CAMP-0183,PRD-457,7035065,184808,51,401877,55860
CAMP-0172,PRD-457,9835473,103508,96,872808,57451
CAMP-0095,PRD-458,1497037,65683,87,959580,21026
CAMP-0112,PRD-458,3739120,76304,70,762283,70464
CAMP-0157,PRD-458,1793763,68195,41,395839,9917
CAMP-0069,PRD-458,5266439,60141,54,485852,26994
CAMP-0165,PRD-458,6981437,105023,55,452385,35710
CAMP-0056,PRD-458,8768165,164083,14,119645,60813
CAMP-0006,PRD-458,2972968,143393,26,261182,15596
CAMP-0122,PRD-458,8588505,191375,43,373930,72273
CAMP-0007,PRD-458,10802424,344508,89,913850,79826
CAMP-0068,PRD-458,12709228,189590,88,949192,69934
CAMP-0115,PRD-458,1045427,46185,15,132251,7702
CAMP-0013,PRD-458,8527481,247422,64,523905,68706
CAMP-0180,PRD-458,1505433,58720,87,891315,14696
CAMP-0191,PRD-458,8383598,298792,22,235713,50695
CAMP-0182,PRD-458,845562,28340,54,502358,9683
CAMP-0106,PRD-459,7641714,300367,75,671101,42071
CAMP-0179,PRD-459,5820128,58534,17,157322,66822
CAMP-0115,PRD-459,3431605,142070,79,790215,23416
CAMP-0111,PRD-459,8572088,264353,69,627253,53674
CAMP-0108,PRD-459,12940030,149794,67,710283,79111
CAMP-0142,PRD-459,9008841,280574,60,565992,60270
CAMP-0100,PRD-459,600317,10328,47,431517,5583
CAMP-0087,PRD-459,14096319,631758,40,429439,71146
CAMP-0184,PRD-459,2133933,36870,39,398805,26021
CAMP-0187,PRD-459,2876145,44017,6,61936,16986
CAMP-0069,PRD-459,15059147,411436,57,473708,75837
CAMP-0022,PRD-459,4962948,175243,57,514995,52109
CAMP-0043,PRD-459,5161542,132584,8,63183,52656
CAMP-0095,PRD-459,2456639,57930,48,453525,24350
CAMP-0016,PRD-460,10700214,198143,76,283998,59455
CAMP-0163,PRD-460,547954,24657,31,106573,5811
CAMP-0121,PRD-460,9364908,284276,19,80758,59989
CAMP-0188,PRD-460,585391,17938,78,299536,7510
CAMP-0145,PRD-460,2133639,105248,93,378813,13898
CAMP-0105,PRD-460,4390188,97090,87,341242,23079
CAMP-0013,PRD-460,4037321,105208,87,329836,24172
CAMP-0129,PRD-461,3711231,38925,15,138963,67030
CAMP-0015,PRD-461,3036836,135893,24,192148,18999
CAMP-0154,PRD-461,1044180,31208,30,248937,8811
CAMP-0147,PRD-461,8993973,336252,72,706757,77999
CAMP-0045,PRD-461,3885398,160118,12,124898,21405
CAMP-0124,PRD-461,14085382,195208,24,210327,76895
CAMP-0127,PRD-461,10109095,420502,16,149855,62661
CAMP-0194,PRD-461,4641503,146363,44,352460,55507
CAMP-0031,PRD-461,3730694,91947,84,782828,26680
CAMP-0139,PRD-461,11844406,319477,88,864688,64863
CAMP-0163,PRD-461,12582370,514902,26,213873,67296
CAMP-0033,PRD-461,1083589,14773,86,730549,16481
CAMP-0024,PRD-461,10583063,407320,76,605745,59619
CAMP-0035,PRD-462,2460117,57869,41,316489,24283
CAMP-0088,PRD-462,604609,8440,36,347786,8489
CAMP-0012,PRD-462,3827258,142943,31,238325,42196
CAMP-0183,PRD-463,2273937,36744,72,516938,13090
CAMP-0039,PRD-463,6910283,197433,22,132274,77498
CAMP-0155,PRD-463,11081602,495033,100,706354,72663
CAMP-0199,PRD-463,10063702,214321,40,262428,61835
CAMP-0014,PRD-463,4349758,162897,96,556999,71229
CAMP-0162,PRD-463,14083582,497750,32,183850,79075
CAMP-0019,PRD-463,4942934,103540,68,500664,58855
CAMP-0158,PRD-463,3111381,95815,72,521472,53063
CAMP-0037,PRD-463,8760765,124234,96,602657,46104
CAMP-0145,PRD-463,4066731,136162,13,75076,71190
CAMP-0131,PRD-463,3344092,94357,95,682576,61627
CAMP-0064,PRD-463,4196352,45518,98,658563,42465
CAMP-0003,PRD-463,8497111,137454,83,561546,45788
CAMP-0056,PRD-463,3342138,166120,95,583716,22561
CAMP-0068,PRD-464,4634622,182617,72,1146239,31533
CAMP-0162,PRD-464,2540650,91736,88,1340256,24116
CAMP-0080,PRD-464,3005127,56958,45,837345,22417
CAMP-0184,PRD-464,1802517,28065,9,166374,11143
CAMP-0034,PRD-464,6817409,315085,47,893858,54252
CAMP-0017,PRD-465,3207946,100509,7,77593,59145
CAMP-0165,PRD-465,4792220,101911,81,1023082,39703
CAMP-0100,PRD-465,15025008,487685,52,706712,79111
CAMP-0097,PRD-465,11173452,277349,61,653980,65870
CAMP-0154,PRD-465,7444557,255866,18,206719,73858
CAMP-0175,PRD-465,7856086,252222,10,132832,42447
CAMP-0009,PRD-466,5830587,107243,66,865254,39981
CAMP-0064,PRD-466,1311326,44166,55,875762,10421
CAMP-0195,PRD-466,3402359,70600,91,1130212,30666
CAMP-0002,PRD-467,6509271,173652,47,317915,33604
CAMP-0098,PRD-467,10070965,311145,32,174898,60603
CAMP-0008,PRD-467,5196000,60546,94,615087,52314
CAMP-0101,PRD-467,3155979,128906,9,54487,17541
CAMP-0169,PRD-467,1946418,71242,92,588489,10697
CAMP-0020,PRD-467,2322278,96956,69,455653,29744
CAMP-0144,PRD-468,6067327,278641,69,105519,49413
CAMP-0050,PRD-468,1613854,70979,85,131856,30036
CAMP-0170,PRD-468,2562205,47571,60,93514,40674
CAMP-0080,PRD-468,6599297,178914,86,121062,63246
CAMP-0122,PRD-468,9461874,432026,49,70706,58867
CAMP-0169,PRD-469,1232704,21907,19,25470,16271
CAMP-0111,PRD-469,1115670,26693,65,114480,21811
CAMP-0089,PRD-469,4462253,136507,42,63071,42937
CAMP-0154,PRD-470,5091132,149117,87,1630343,39944
CAMP-0129,PRD-470,3696687,51522,54,1050041,45311
CAMP-0001,PRD-470,959936,35385,16,300181,11995
CAMP-0070,PRD-470,6983236,204746,23,458138,38778
CAMP-0094,PRD-470,2422704,67865,48,801157,30619
CAMP-0110,PRD-470,2743861,97584,75,1417423,24320
CAMP-0062,PRD-470,3938728,155351,87,1625419,60085
CAMP-0158,PRD-470,1047678,21915,10,158460,16134
CAMP-0067,PRD-470,4808845,214805,63,1045519,54656
CAMP-0057,PRD-470,2725649,91146,47,766446,40892
CAMP-0037,PRD-470,5075818,213901,83,1628088,65957
CAMP-0146,PRD-470,3766622,78261,59,1078357,27766
CAMP-0098,PRD-470,7127797,112484,34,676534,66475
CAMP-0049,PRD-471,12463233,415190,40,216323,67551
CAMP-0110,PRD-471,5875511,265895,6,33592,43867
CAMP-0042,PRD-471,3319367,74884,17,75527,17921
CAMP-0184,PRD-471,11137903,413065,88,452533,78858
CAMP-0084,PRD-471,6354382,313118,7,36123,61329
CAMP-0086,PRD-471,4283582,174157,93,547519,56773
CAMP-0130,PRD-471,3292523,86822,16,82884,30483
CAMP-0078,PRD-471,2626680,29005,10,49172,14048
CAMP-0199,PRD-471,2141205,84874,78,432540,11192
CAMP-0104,PRD-471,822944,30212,24,115848,8101
CAMP-0020,PRD-471,4962523,179734,7,40706,37285
CAMP-0141,PRD-472,3433990,158323,59,553019,30224
CAMP-0020,PRD-472,3101855,129128,100,948724,33982
CAMP-0082,PRD-472,3746584,82847,53,488699,21908
CAMP-0071,PRD-472,1659981,77404,51,453374,10694
CAMP-0076,PRD-472,7488749,310606,24,223344,53376
CAMP-0038,PRD-472,8062083,123807,84,881485,51478
CAMP-0003,PRD-472,801822,39183,53,473015,8600
CAMP-0054,PRD-472,5310679,73938,30,297814,77657
CAMP-0172,PRD-473,12100083,320972,52,777270,66866
CAMP-0007,PRD-473,3412999,134590,10,139987,68030
CAMP-0025,PRD-473,1633941,54760,61,979544,23874
CAMP-0036,PRD-473,3418215,126008,100,1433884,23899
CAMP-0057,PRD-473,4235944,127148,58,781233,43101
CAMP-0166,PRD-473,8419874,297915,98,1547936,78736
CAMP-0113,PRD-473,11552576,128287,35,501406,64103
CAMP-0023,PRD-473,10250913,267029,43,695291,68518
CAMP-0046,PRD-473,8343861,213226,34,522543,46913
CAMP-0121,PRD-473,1897933,31785,39,471364,15542
CAMP-0105,PRD-473,9387085,250390,12,194993,70333
CAMP-0119,PRD-474,8536561,330545,75,311598,51883
CAMP-0164,PRD-474,2564458,64591,96,366682,42355
CAMP-0170,PRD-475,2450477,74922,63,950893,22662
CAMP-0058,PRD-475,9004080,135882,54,685374,79047
CAMP-0158,PRD-475,5978713,277358,56,711442,46758
CAMP-0166,PRD-475,5399073,200429,15,215190,29293
CAMP-0040,PRD-476,6315329,276704,42,811889,36620
CAMP-0173,PRD-476,8924549,362437,32,505848,76698
CAMP-0112,PRD-476,3128808,135596,22,381842,20889
CAMP-0083,PRD-476,6432260,295240,36,520574,33041
CAMP-0001,PRD-476,1204671,38049,78,1409312,22916
CAMP-0081,PRD-476,6765429,214158,71,1354764,41289
CAMP-0048,PRD-476,3051473,96116,25,487858,19138
CAMP-0065,PRD-476,11296521,316621,85,1282949,71686
CAMP-0039,PRD-476,1773362,60049,69,981665,11948
CAMP-0011,PRD-476,2218861,70404,39,623399,38204
CAMP-0122,PRD-476,1082943,23997,100,1502217,16518
CAMP-0197,PRD-476,6098759,156789,33,546226,35189
CAMP-0118,PRD-476,7128651,191799,46,789890,71281
CAMP-0064,PRD-477,10597912,419084,99,691264,73813
CAMP-0151,PRD-477,7008963,260570,93,657441,68605
CAMP-0150,PRD-477,4542816,79702,86,531466,64261
CAMP-0164,PRD-477,2104569,70132,13,95780,33087
CAMP-0200,PRD-477,4927550,154964,36,256751,65455
CAMP-0145,PRD-477,4433940,77798,100,684644,27936
CAMP-0142,PRD-477,9574201,268538,86,646881,73831
CAMP-0067,PRD-478,9382166,234424,100,101802,67495
CAMP-0092,PRD-478,1067772,29768,9,10016,15759
CAMP-0151,PRD-479,7552736,305261,20,146534,43880
CAMP-0115,PRD-479,10483699,477466,66,416437,64121
CAMP-0068,PRD-479,935375,9535,87,651562,10525
CAMP-0015,PRD-479,7511197,344494,65,419263,75011
CAMP-0031,PRD-479,6232897,308954,48,319895,45681
CAMP-0112,PRD-479,8989669,245266,59,443427,57046
CAMP-0145,PRD-479,8294325,217122,98,671681,54625
CAMP-0101,PRD-480,5418015,165155,71,1069259,41257
CAMP-0126,PRD-480,4706849,115679,95,1426645,70078
CAMP-0077,PRD-480,4518160,128277,46,664996,22622
CAMP-0127,PRD-480,8904234,116986,6,87365,65238
CAMP-0015,PRD-480,1883756,44691,64,1216327,19668
CAMP-0196,PRD-480,2775304,59079,61,1054583,39089
CAMP-0080,PRD-480,2845125,35071,38,606182,36174
CAMP-0096,PRD-480,2794656,115549,44,758453,14107
CAMP-0070,PRD-480,8175723,307889,30,436159,53645
CAMP-0111,PRD-480,3212201,96591,5,72546,26905
CAMP-0060,PRD-480,4823168,159862,38,733988,74353
CAMP-0154,PRD-480,8113673,403657,64,1221725,73199
CAMP-0128,PRD-480,1608027,45376,30,480197,11369
CAMP-0144,PRD-481,1512475,72424,64,878247,9163
CAMP-0146,PRD-481,5391794,157273,62,870398,40866
CAMP-0102,PRD-481,2289272,65535,54,851145,13126
CAMP-0124,PRD-481,8479383,122196,97,1426633,68933
CAMP-0133,PRD-481,7735466,159740,67,990632,63027
CAMP-0094,PRD-481,8409477,193581,95,1592840,69024
CAMP-0064,PRD-481,4372487,215432,96,1719242,25316
CAMP-0063,PRD-481,459126,6129,24,349006,5967
CAMP-0007,PRD-481,786435,20310,69,929919,14375
CAMP-0197,PRD-481,2958001,58554,100,1536530,49778
CAMP-0014,PRD-481,6101283,185364,34,535248,72944
CAMP-0049,PRD-482,9904274,448174,11,188792,52847
CAMP-0072,PRD-482,4487211,186433,68,1172968,73097
CAMP-0022,PRD-482,4027731,112476,92,1525786,53503
CAMP-0190,PRD-482,4709483,191016,90,1210597,66602
CAMP-0024,PRD-482,3458484,68495,21,284263,42183
CAMP-0138,PRD-482,13491226,338080,100,1445680,74910
CAMP-0184,PRD-482,10321029,290723,96,1535766,64672
CAMP-0039,PRD-482,7457540,127040,75,959143,51011
CAMP-0100,PRD-482,10055161,312464,26,378952,73780
CAMP-0074,PRD-482,9385912,95697,47,678055,54838
CAMP-0164,PRD-482,6021857,234821,76,1083359,48910
CAMP-0124,PRD-482,3241696,48218,94,1272100,24188
CAMP-0176,PRD-482,3814396,105826,85,1373546,42010
CAMP-0016,PRD-482,6668285,157766,56,717884,64999
CAMP-0067,PRD-483,3320376,122279,74,752774,26805
CAMP-0025,PRD-483,7382273,299564,88,842075,74900
CAMP-0116,PRD-483,11535891,495575,84,828905,58527
CAMP-0188,PRD-483,911843,33673,75,604417,16148
CAMP-0145,PRD-483,2736334,61917,9,87377,34382
CAMP-0030,PRD-483,7527287,261319,13,116121,77520
CAMP-0029,PRD-483,2318724,85568,83,706864,25820
CAMP-0088,PRD-483,13525261,321994,91,736308,69436
CAMP-0187,PRD-483,2442437,102655,21,171553,48450
CAMP-0074,PRD-483,6302736,211748,10,84074,38770
CAMP-0143,PRD-483,8273298,367571,20,164138,61265
CAMP-0037,PRD-483,8708207,119998,92,806449,52159
CAMP-0010,PRD-483,7284584,157423,50,482165,45353
CAMP-0073,PRD-483,5021448,173040,24,246423,67228
CAMP-0064,PRD-483,2232587,39318,88,928329,17467
CAMP-0172,PRD-484,3038068,62539,65,335172,16086
CAMP-0108,PRD-484,10082404,421477,37,200006,71911
CAMP-0104,PRD-484,3844254,141718,84,443137,39782
CAMP-0015,PRD-484,8271288,142039,38,156086,69530
CAMP-0079,PRD-484,2502920,95212,41,220597,21353
CAMP-0072,PRD-484,962395,28935,17,75332,5040
CAMP-0117,PRD-484,8174258,235919,74,324904,43827
CAMP-0113,PRD-484,4094054,159940,32,164051,78587
CAMP-0073,PRD-484,4913519,66066,92,427423,72359
CAMP-0016,PRD-484,4705714,82422,72,306186,65805
CAMP-0190,PRD-484,6304684,129082,48,215513,59085
CAMP-0020,PRD-484,4244100,195706,29,123026,48531
CAMP-0171,PRD-484,861950,23831,81,375446,9540
CAMP-0198,PRD-484,1825884,85146,32,159427,10233
CAMP-0057,PRD-485,8957755,429763,80,531449,65933
CAMP-0075,PRD-485,5546076,147536,62,482963,53923
CAMP-0053,PRD-485,2874435,142792,7,42940,20625
CAMP-0032,PRD-485,3536582,48068,24,159646,28551
CAMP-0012,PRD-485,6523883,158344,59,414552,54572
CAMP-0128,PRD-485,3354406,84823,48,317737,49248
CAMP-0029,PRD-485,5173224,109124,36,258498,57673
CAMP-0044,PRD-485,3924817,155457,18,128828,21395
CAMP-0175,PRD-485,9395565,466085,23,148198,55001
CAMP-0143,PRD-485,2324792,32698,9,52504,27194
CAMP-0050,PRD-485,4144591,97408,35,211215,69565
CAMP-0149,PRD-485,1782417,39156,29,188872,33000
CAMP-0186,PRD-485,12546611,351800,72,505000,63748
CAMP-0133,PRD-485,358155,7805,14,111336,6838
CAMP-0002,PRD-485,3863234,118510,78,596904,60515
CAMP-0044,PRD-486,8842989,361171,69,283403,77789
CAMP-0085,PRD-486,6311192,88620,42,137572,35845
CAMP-0021,PRD-486,1459713,30582,73,284285,10806
CAMP-0040,PRD-486,1644706,60034,66,271249,14378
CAMP-0062,PRD-486,8836325,99521,74,324294,77377
CAMP-0071,PRD-486,2515825,52921,75,294227,12987
CAMP-0048,PRD-487,1007634,25657,67,178484,7167
CAMP-0119,PRD-487,2348071,80157,31,87782,13227
CAMP-0093,PRD-488,4982753,124125,44,127175,75231
CAMP-0100,PRD-488,4731913,223028,81,306474,53256
CAMP-0149,PRD-488,5668350,64290,69,242226,56027
CAMP-0098,PRD-488,6736653,189703,81,243222,41371
CAMP-0145,PRD-488,4175609,203810,100,300045,46152
CAMP-0019,PRD-488,5047929,207568,22,65014,40684
CAMP-0048,PRD-488,3695811,83309,9,29216,42749
CAMP-0159,PRD-488,1748605,43420,77,251950,20323
CAMP-0135,PRD-488,566957,7956,49,143594,10088
CAMP-0186,PRD-488,3542512,127154,78,223705,31660
CAMP-0146,PRD-488,1521394,68905,71,244683,13895
CAMP-0022,PRD-488,1777578,30219,29,91309,16571
CAMP-0140,PRD-488,5557326,74783,7,23252,35619
CAMP-0069,PRD-488,2690832,58350,29,96959,22859
CAMP-0138,PRD-488,2249815,100727,9,27596,32240
CAMP-0177,PRD-489,5374614,96582,71,333958,41872
CAMP-0105,PRD-489,2239884,64490,61,314234,44482
CAMP-0091,PRD-489,674583,12744,68,376428,11663
CAMP-0090,PRD-489,5457121,85664,74,419251,45391
CAMP-0188,PRD-489,6133946,283789,89,474282,78610
CAMP-0138,PRD-489,2354099,91778,96,510756,37147
CAMP-0014,PRD-489,2118979,26589,79,363929,31418
CAMP-0048,PRD-489,4391128,73210,40,226515,36018
CAMP-0013,PRD-489,1644075,56255,23,105754,24085
CAMP-0071,PRD-489,1627838,18974,51,239610,25405
CAMP-0060,PRD-489,680103,26216,33,182902,6537
CAMP-0050,PRD-489,1292411,45037,18,95507,8126
CAMP-0081,PRD-489,15236329,455245,60,260046,78505
CAMP-0152,PRD-490,9274592,156236,9,122524,48437
CAMP-0023,PRD-490,6049644,260752,57,810178,66924
CAMP-0151,PRD-490,8731819,433627,86,1212311,77562
CAMP-0192,PRD-491,1339265,33581,43,641284,26427
CAMP-0101,PRD-491,3864820,161783,28,407827,43451
CAMP-0081,PRD-491,9658704,443616,17,299919,60077
CAMP-0030,PRD-491,2138934,88338,62,989394,15746
CAMP-0153,PRD-491,4188864,75489,73,1044679,21456
CAMP-0104,PRD-491,5687972,158658,9,138063,58078
CAMP-0136,PRD-491,2495024,40423,5,69150,20380
CAMP-0049,PRD-491,7983747,125552,91,1489138,49964
CAMP-0017,PRD-491,1202102,52681,87,1497016,9994
CAMP-0109,PRD-491,6576578,83159,45,700781,73086
CAMP-0146,PRD-491,817918,37569,38,598834,7447
CAMP-0144,PRD-491,3177210,108531,73,1079994,23080
CAMP-0056,PRD-491,2476180,53625,59,1013712,39839
CAMP-0095,PRD-491,2460567,112152,32,546796,20172
CAMP-0106,PRD-491,1543149,39697,64,914965,19015
CAMP-0090,PRD-492,11465236,491813,9,73200,76597
CAMP-0172,PRD-492,2993758,141144,60,444519,19845
CAMP-0187,PRD-492,988842,17522,98,813080,9592
CAMP-0150,PRD-492,4596794,46383,76,619182,36209
CAMP-0015,PRD-492,2898577,67973,12,98334,48724
CAMP-0155,PRD-492,1416050,30109,84,641342,21248
CAMP-0164,PRD-492,2455989,45340,14,117717,38969
CAMP-0126,PRD-492,4546321,53764,76,565892,54694
CAMP-0138,PRD-492,1698398,49995,67,611025,20901
CAMP-0004,PRD-492,3685211,114241,86,625449,53132
CAMP-0167,PRD-493,911898,31726,61,435342,13034
CAMP-0094,PRD-493,2551536,38130,91,579737,36277
CAMP-0037,PRD-493,13339519,571964,11,73123,71919
CAMP-0033,PRD-493,13079330,151959,72,506253,67891
CAMP-0113,PRD-493,4588508,104786,62,462144,27647
CAMP-0149,PRD-493,3763164,54196,80,564799,58386
CAMP-0164,PRD-494,1244385,27590,47,656383,9417
CAMP-0182,PRD-494,2257356,95223,63,749053,38406
CAMP-0010,PRD-494,2489363,26634,63,831438,23739
CAMP-0049,PRD-494,595925,15615,5,58108,8522
CAMP-0050,PRD-494,14178289,149561,98,1239087,72599
CAMP-0053,PRD-494,14385735,464755,29,352168,79369
CAMP-0091,PRD-494,8224450,223338,75,869816,51310
CAMP-0056,PRD-494,15073939,659263,26,317805,77810
CAMP-0045,PRD-495,1536409,42608,15,153395,17368
CAMP-0007,PRD-495,5993175,160915,64,720529,40729
CAMP-0124,PRD-495,1079155,21896,43,544259,21317
CAMP-0153,PRD-495,4089569,144013,72,783334,69113
CAMP-0064,PRD-495,9772629,266642,60,612550,71205
CAMP-0006,PRD-495,820884,33620,39,412941,13309
CAMP-0102,PRD-496,6070769,159205,99,433534,70340
CAMP-0062,PRD-496,2917807,30830,60,237695,56189
CAMP-0003,PRD-496,9110510,430211,63,273837,56421
CAMP-0006,PRD-496,2232610,39389,17,81722,43979
CAMP-0015,PRD-496,9963913,148422,31,148089,70357
CAMP-0022,PRD-496,8139072,310224,84,367701,42426
CAMP-0057,PRD-496,4755177,56034,61,239145,44030
CAMP-0059,PRD-496,4484245,124903,83,372418,30562
CAMP-0006,PRD-497,2915481,129306,51,620636,31059
CAMP-0135,PRD-497,11063705,518549,27,314526,63543
CAMP-0141,PRD-497,1646864,79541,55,609337,11004
CAMP-0054,PRD-497,4482843,149873,48,601270,54512
CAMP-0127,PRD-497,9701769,409580,43,526522,67261
CAMP-0148,PRD-497,7517208,207842,44,538556,40767
CAMP-0064,PRD-497,10022649,464168,97,1169827,53845
CAMP-0198,PRD-497,2375850,94150,50,527904,14517
CAMP-0188,PRD-497,6330030,180872,56,724351,61329
CAMP-0164,PRD-497,4907981,138764,50,492583,49589
CAMP-0173,PRD-497,1676074,61933,16,207720,23250
CAMP-0094,PRD-497,2312653,65190,71,744900,39465
CAMP-0024,PRD-497,3233805,76111,33,331589,23325
CAMP-0198,PRD-498,5592027,108256,16,171902,64621
CAMP-0014,PRD-498,4848655,77390,27,349053,41858
CAMP-0102,PRD-498,5214236,132553,30,346703,28224
CAMP-0087,PRD-498,5090816,208546,97,1190952,57104
CAMP-0068,PRD-498,1877605,46280,69,896280,16016
CAMP-0104,PRD-498,8222889,178273,26,268635,76090
CAMP-0175,PRD-498,1324941,58036,98,963728,16954
CAMP-0043,PRD-498,7321056,302797,79,797662,67234
CAMP-0165,PRD-498,8728251,375727,79,879420,48280
CAMP-0067,PRD-498,948362,30619,8,90773,14191
CAMP-0008,PRD-498,5565953,60652,5,61202,30101
CAMP-0139,PRD-498,4241736,140910,72,777813,67603
CAMP-0045,PRD-499,4266133,140357,54,411495,21909
CAMP-0050,PRD-499,4286354,154953,56,493291,59282
CAMP-0195,PRD-499,5055615,174434,81,714863,66774
CAMP-0101,PRD-499,11139591,132464,78,638742,75032
CAMP-0009,PRD-499,2642714,95616,10,75848,15599
CAMP-0105,PRD-499,6785249,287804,22,216478,65245
CAMP-0186,PRD-499,3710522,79143,34,276914,56157
CAMP-0158,PRD-499,7507354,340232,21,164665,50640
CAMP-0038,PRD-499,3846176,179545,67,668265,38105
CAMP-0047,PRD-499,1614166,73843,24,181061,9256
CAMP-0054,PRD-499,4322051,170139,41,360561,27811
CAMP-0012,PRD-499,8664087,136746,31,285551,65694
CAMP-0001,PRD-499,6700316,219646,22,187063,57272
CAMP-0113,PRD-499,9944527,167507,47,396237,62649
CAMP-0083,PRD-499,3244023,98646,67,496754,48757
CAMP-0136,PRD-500,5215130,84820,73,1307757,32158
CAMP-0069,PRD-500,491341,15905,94,1642445,6808
